search_keyword,search_url,search_rank,output_rank,filter_sort_by,filter_note_type,filter_publish_time,filter_search_scope,filter_location,page_filter_url,page_filter_selected,page_filter_error,source_url,note_id,xsec_source,preview_title,preview_author,cursor_score,items.0.model_type,items.0.note_card.type,items.0.note_card.user.user_id,items.0.note_card.user.nickname,items.0.note_card.user.avatar,items.0.note_card.user.xsec_token,items.0.note_card.interact_info.share_count,items.0.note_card.interact_info.followed,items.0.note_card.interact_info.relation,items.0.note_card.interact_info.liked,items.0.note_card.interact_info.liked_count,items.0.note_card.interact_info.collected,items.0.note_card.interact_info.collected_count,items.0.note_card.interact_info.comment_count,items.0.note_card.tag_list.0.id,items.0.note_card.tag_list.0.name,items.0.note_card.tag_list.0.type,items.0.note_card.tag_list.1.name,items.0.note_card.tag_list.1.type,items.0.note_card.tag_list.1.id,items.0.note_card.tag_list.2.name,items.0.note_card.tag_list.2.type,items.0.note_card.tag_list.2.id,items.0.note_card.tag_list.3.name,items.0.note_card.tag_list.3.type,items.0.note_card.tag_list.3.id,items.0.note_card.tag_list.4.id,items.0.note_card.tag_list.4.name,items.0.note_card.tag_list.4.type,items.0.note_card.tag_list.5.id,items.0.note_card.tag_list.5.name,items.0.note_card.tag_list.5.type,items.0.note_card.tag_list.6.type,items.0.note_card.tag_list.6.id,items.0.note_card.tag_list.6.name,items.0.note_card.note_id,items.0.note_card.title,items.0.note_card.desc,items.0.note_card.image_list.0.trace_id,items.0.note_card.image_list.0.url_pre,items.0.note_card.image_list.0.stream,items.0.note_card.image_list.0.height,items.0.note_card.image_list.0.width,items.0.note_card.image_list.0.info_list.0.image_scene,items.0.note_card.image_list.0.info_list.0.url,items.0.note_card.image_list.0.info_list.1.image_scene,items.0.note_card.image_list.0.info_list.1.url,items.0.note_card.image_list.0.url_default,items.0.note_card.image_list.0.live_photo,items.0.note_card.image_list.0.file_id,items.0.note_card.image_list.0.url,items.0.note_card.at_user_list,items.0.note_card.time,items.0.note_card.last_update_time,items.0.note_card.ip_location,items.0.note_card.share_info.un_share,items.0.id,current_time,raw_json,items.0.note_card.tag_list
滴滴专车,https://www.xiaohongshu.com/search_result_ai?keyword=%E6%BB%B4%E6%BB%B4%E4%B8%93%E8%BD%A6&source=web_explore_feed,38,1,最新,不限,一天内,未看过,不限,https://www.xiaohongshu.com/search_result_ai?keyword=%E6%BB%B4%E6%BB%B4%E4%B8%93%E8%BD%A6&source=web_explore_feed&type=51,"最新,一天内,未看过",,https://www.xiaohongshu.com/search_result/6a3ce7a90000000007021def?xsec_token=ABkxKzyLwcQYUPMUYfPb_lHFY2ntHkwTAJ-hr7xwpb2ro=&xsec_source=,6a3ce7a90000000007021def,,根本打不到滴滴宠物专车,"啪嗒
昨天 16:32",,note,normal,690cbf9a0000000037009adb,啪嗒,https://sns-avatar-qc.xhscdn.com/avatar/1040g2jo320nbba9dm8005q8cnuddp6mr7au9llg,ABXtWhbAyVRyywPvIwJXHi0m8KFU8x3E0vbsiUV44432M=,,False,none,False,8,False,1,33,5f2f93d6000000000100bacd,宠物专车,topic,带宠物坐车,topic,621841890000000001004be9,宠物出行,topic,5bf629a3adc83c0001afea85,网约车,topic,5c3584bf000000000f0038bc,5c0406f17c10ee00012f1d55,滴滴,topic,61f13ee60000000001001177,人宠同行,topic,topic,5be9c94e85cfbb000106cdb7,宠物友好,6a3ce7a90000000007021def,根本打不到滴滴宠物专车,"前段时间家里小猫的牙齿磕到了 得去医院检查 我在滴滴打车界面等了几十分钟 来来回回重复打了不知道多少次宠物专车都没有等来一辆。
我实在是等不了了 咬咬牙选了六座的商务车 并在打车需求中备注了会带一只在航空箱且不会跑出来的小猫。一开始有司机接单 我都准备好带猫出门了 司机突然弹来一条消息说不好意思刚刚没有看到我的备注 他带不了猫 让我取消订单？？好吧我只好重新打了一辆六座 这次的司机人很好 不仅为我开门还主动帮我提航空箱放到了后座脚下。
检查完了我想再打一辆六座回家 但是很不幸 周围没有车 打不到了…无奈之下只好选择了应答速度比较快的专车。车辆应答之后我马上在聊天界面说明了情况 司机很爽快地同意了。
路上我向司机师傅吐槽说宠物专车真的很难打 真的不好意思我给你先斩后奏了。司机告诉我宠物专车确实是打不到的 很多带宠出行的人做法都是和我一样…
所以滴滴可以优化一下宠物出行这个功能了吗？
	
#宠物专车[话题]# #带宠物坐车[话题]# #宠物出行[话题]# #网约车[话题]# #滴滴[话题]# #人宠同行[话题]# #宠物友好[话题]#",,http://sns-webpic-qc.xhscdn.com/202606260951/ee3ae1fb7e61f00720d2840a9c122370/notes_pre_post/1040g3k0321r4tsbq7k005q8cnuddp6mrukvbdn8!nd_prv_wlteh_webp_3,{},1516,1280,WB_PRV,http://sns-webpic-qc.xhscdn.com/202606260951/ee3ae1fb7e61f00720d2840a9c122370/notes_pre_post/1040g3k0321r4tsbq7k005q8cnuddp6mrukvbdn8!nd_prv_wlteh_webp_3,WB_DFT,http://sns-webpic-qc.xhscdn.com/202606260951/b1988ca7140922d15efc6ceed468a0f1/notes_pre_post/1040g3k0321r4tsbq7k005q8cnuddp6mrukvbdn8!nd_dft_wlteh_webp_3,http://sns-webpic-qc.xhscdn.com/202606260951/b1988ca7140922d15efc6ceed468a0f1/notes_pre_post/1040g3k0321r4tsbq7k005q8cnuddp6mrukvbdn8!nd_dft_wlteh_webp_3,False,notes_pre_post/1040g3k0321r4tsbq7k005q8cnuddp6mrukvbdn8,,[],1782376361000,1782376361000,江苏,False,6a3ce7a90000000007021def,1782438714163,"{""cursor_score"":"""",""items"":[{""model_type"":""note"",""note_card"":{""type"":""normal"",""user"":{""user_id"":""690cbf9a0000000037009adb"",""nickname"":""啪嗒"",""avatar"":""https://sns-avatar-qc.xhscdn.com/avatar/1040g2jo320nbba9dm8005q8cnuddp6mr7au9llg"",""xsec_token"":""ABXtWhbAyVRyywPvIwJXHi0m8KFU8x3E0vbsiUV44432M=""},""interact_info"":{""share_count"":"""",""followed"":false,""relation"":""none"",""liked"":false,""liked_count"":""8"",""collected"":false,""collected_count"":""1"",""comment_count"":""33""},""tag_list"":[{""id"":""5f2f93d6000000000100bacd"",""name"":""宠物专车"",""type"":""topic""},{""name"":""带宠物坐车"",""type"":""topic"",""id"":""621841890000000001004be9""},{""name"":""宠物出行"",""type"":""topic"",""id"":""5bf629a3adc83c0001afea85""},{""name"":""网约车"",""type"":""topic"",""id"":""5c3584bf000000000f0038bc""},{""id"":""5c0406f17c10ee00012f1d55"",""name"":""滴滴"",""type"":""topic""},{""id"":""61f13ee60000000001001177"",""name"":""人宠同行"",""type"":""topic""},{""type"":""topic"",""id"":""5be9c94e85cfbb000106cdb7"",""name"":""宠物友好""}],""note_id"":""6a3ce7a90000000007021def"",""title"":""根本打不到滴滴宠物专车"",""desc"":""前段时间家里小猫的牙齿磕到了 得去医院检查 我在滴滴打车界面等了几十分钟 来来回回重复打了不知道多少次宠物专车都没有等来一辆。\n我实在是等不了了 咬咬牙选了六座的商务车 并在打车需求中备注了会带一只在航空箱且不会跑出来的小猫。一开始有司机接单 我都准备好带猫出门了 司机突然弹来一条消息说不好意思刚刚没有看到我的备注 他带不了猫 让我取消订单？？好吧我只好重新打了一辆六座 这次的司机人很好 不仅为我开门还主动帮我提航空箱放到了后座脚下。\n检查完了我想再打一辆六座回家 但是很不幸 周围没有车 打不到了…无奈之下只好选择了应答速度比较快的专车。车辆应答之后我马上在聊天界面说明了情况 司机很爽快地同意了。\n路上我向司机师傅吐槽说宠物专车真的很难打 真的不好意思我给你先斩后奏了。司机告诉我宠物专车确实是打不到的 很多带宠出行的人做法都是和我一样…\n所以滴滴可以优化一下宠物出行这个功能了吗？\n\t\n#宠物专车[话题]# #带宠物坐车[话题]# #宠物出行[话题]# #网约车[话题]# #滴滴[话题]# #人宠同行[话题]# #宠物友好[话题]#"",""image_list"":[{""trace_id"":"""",""url_pre"":""http://sns-webpic-qc.xhscdn.com/202606260951/ee3ae1fb7e61f00720d2840a9c122370/notes_pre_post/1040g3k0321r4tsbq7k005q8cnuddp6mrukvbdn8!nd_prv_wlteh_webp_3"",""stream"":{},""height"":1516,""width"":1280,""info_list"":[{""image_scene"":""WB_PRV"",""url"":""http://sns-webpic-qc.xhscdn.com/202606260951/ee3ae1fb7e61f00720d2840a9c122370/notes_pre_post/1040g3k0321r4tsbq7k005q8cnuddp6mrukvbdn8!nd_prv_wlteh_webp_3""},{""image_scene"":""WB_DFT"",""url"":""http://sns-webpic-qc.xhscdn.com/202606260951/b1988ca7140922d15efc6ceed468a0f1/notes_pre_post/1040g3k0321r4tsbq7k005q8cnuddp6mrukvbdn8!nd_dft_wlteh_webp_3""}],""url_default"":""http://sns-webpic-qc.xhscdn.com/202606260951/b1988ca7140922d15efc6ceed468a0f1/notes_pre_post/1040g3k0321r4tsbq7k005q8cnuddp6mrukvbdn8!nd_dft_wlteh_webp_3"",""live_photo"":false,""file_id"":""notes_pre_post/1040g3k0321r4tsbq7k005q8cnuddp6mrukvbdn8"",""url"":""""}],""at_user_list"":[],""time"":1782376361000,""last_update_time"":1782376361000,""ip_location"":""江苏"",""share_info"":{""un_share"":false}},""id"":""6a3ce7a90000000007021def""}],""current_time"":1782438714163}",
滴滴专车,https://www.xiaohongshu.com/search_result_ai?keyword=%E6%BB%B4%E6%BB%B4%E4%B8%93%E8%BD%A6&source=web_explore_feed,111,2,最新,不限,一天内,未看过,不限,https://www.xiaohongshu.com/search_result_ai?keyword=%E6%BB%B4%E6%BB%B4%E4%B8%93%E8%BD%A6&source=web_explore_feed&type=51,"最新,一天内,未看过",,https://www.xiaohongshu.com/search_result/6a3cba8b000000000702c89d?xsec_token=ABkxKzyLwcQYUPMUYfPb_lHB-zgvJk9sFshqG8vO9WZZ0=&xsec_source=,6a3cba8b000000000702c89d,,滴滴宠物专车完全没人接单！！！,"N_O
昨天 13:20",,note,normal,5a87bc4b4eacab5821fc5ef0,N_O,https://sns-avatar-qc.xhscdn.com/avatar/1040g2jo31d9rbta10k004a1glau4mnngg3e3u48,AB4ejaWCeyYsts8TypxJZna4OX2wwCg-rFLompNCayKD4=,3,False,none,False,7,False,1,23,61f13ee60000000001001177,人宠同行,topic,佛山宠物专车,topic,635e5306000000000101f148,,,,,,,,,,,,,,,,6a3cba8b000000000702c89d,滴滴宠物专车完全没人接单！！！,"宠物假友好！
打了半个小时没人接单
#人宠同行[话题]# #佛山宠物专车[话题]#",,http://sns-webpic-qc.xhscdn.com/202606260955/17bf38a498993c397e6cf9d5e4b1f494/1040g008321qvvhunnu004a1glau4mnngs5ui5c0!nd_prv_wlteh_webp_3,{},2868,1320,WB_PRV,http://sns-webpic-qc.xhscdn.com/202606260955/17bf38a498993c397e6cf9d5e4b1f494/1040g008321qvvhunnu004a1glau4mnngs5ui5c0!nd_prv_wlteh_webp_3,WB_DFT,http://sns-webpic-qc.xhscdn.com/202606260955/928430167e1ba3c81de111ce7e8a27c0/1040g008321qvvhunnu004a1glau4mnngs5ui5c0!nd_dft_wlteh_webp_3,http://sns-webpic-qc.xhscdn.com/202606260955/928430167e1ba3c81de111ce7e8a27c0/1040g008321qvvhunnu004a1glau4mnngs5ui5c0!nd_dft_wlteh_webp_3,False,1040g008321qvvhunnu004a1glau4mnngs5ui5c0,,[],1782364811000,1782364812000,广东,False,6a3cba8b000000000702c89d,1782438942726,"{""cursor_score"":"""",""items"":[{""id"":""6a3cba8b000000000702c89d"",""model_type"":""note"",""note_card"":{""at_user_list"":[],""time"":1782364811000,""last_update_time"":1782364812000,""title"":""滴滴宠物专车完全没人接单！！！"",""desc"":""宠物假友好！\n打了半个小时没人接单\n#人宠同行[话题]# #佛山宠物专车[话题]#"",""user"":{""user_id"":""5a87bc4b4eacab5821fc5ef0"",""nickname"":""N_O"",""avatar"":""https://sns-avatar-qc.xhscdn.com/avatar/1040g2jo31d9rbta10k004a1glau4mnngg3e3u48"",""xsec_token"":""AB4ejaWCeyYsts8TypxJZna4OX2wwCg-rFLompNCayKD4=""},""interact_info"":{""collected"":false,""collected_count"":""1"",""comment_count"":""23"",""share_count"":""3"",""followed"":false,""relation"":""none"",""liked"":false,""liked_count"":""7""},""ip_location"":""广东"",""share_info"":{""un_share"":false},""note_id"":""6a3cba8b000000000702c89d"",""type"":""normal"",""image_list"":[{""stream"":{},""file_id"":""1040g008321qvvhunnu004a1glau4mnngs5ui5c0"",""trace_id"":"""",""url_pre"":""http://sns-webpic-qc.xhscdn.com/202606260955/17bf38a498993c397e6cf9d5e4b1f494/1040g008321qvvhunnu004a1glau4mnngs5ui5c0!nd_prv_wlteh_webp_3"",""url_default"":""http://sns-webpic-qc.xhscdn.com/202606260955/928430167e1ba3c81de111ce7e8a27c0/1040g008321qvvhunnu004a1glau4mnngs5ui5c0!nd_dft_wlteh_webp_3"",""live_photo"":false,""height"":2868,""width"":1320,""url"":"""",""info_list"":[{""image_scene"":""WB_PRV"",""url"":""http://sns-webpic-qc.xhscdn.com/202606260955/17bf38a498993c397e6cf9d5e4b1f494/1040g008321qvvhunnu004a1glau4mnngs5ui5c0!nd_prv_wlteh_webp_3""},{""url"":""http://sns-webpic-qc.xhscdn.com/202606260955/928430167e1ba3c81de111ce7e8a27c0/1040g008321qvvhunnu004a1glau4mnngs5ui5c0!nd_dft_wlteh_webp_3"",""image_scene"":""WB_DFT""}]}],""tag_list"":[{""id"":""61f13ee60000000001001177"",""name"":""人宠同行"",""type"":""topic""},{""id"":""635e5306000000000101f148"",""name"":""佛山宠物专车"",""type"":""topic""}]}}],""current_time"":1782438942726}",
滴滴专车,https://www.xiaohongshu.com/search_result_ai?keyword=%E6%BB%B4%E6%BB%B4%E4%B8%93%E8%BD%A6&source=web_explore_feed,86,3,最新,不限,一天内,未看过,不限,https://www.xiaohongshu.com/search_result_ai?keyword=%E6%BB%B4%E6%BB%B4%E4%B8%93%E8%BD%A6&source=web_explore_feed&type=51,"最新,一天内,未看过",,https://www.xiaohongshu.com/search_result/6a3caa0e000000001503f379?xsec_token=ABkxKzyLwcQYUPMUYfPb_lHArMPzEVF-8OLBaX-3KMH0U=&xsec_source=,6a3caa0e000000001503f379,,,"豆爹
昨天 12:09",,note,normal,6641f04d0000000007005940,豆爹,https://sns-avatar-qc.xhscdn.com/avatar/645b7e4b86578b8c6ab3b056.jpg,ABEMghC4cvTZ8KLMZTZ5mjrFaiRAZpsN6RUQ9_kQopASk=,1,False,none,False,9,False,,108,,,,,,,,,,,,,,,,,,,,,,6a3caa0e000000001503f379,,"10年专车司机日更第9天：一瓶免费水，照出人间百态
今天想和大家聊聊专车车厢里的那点事——关于那几瓶不起眼的饮用水。
接到两位年轻女士，刚坐稳，其中一位就跟同伴抱怨：“我最近有个毛病，一喝水就想上厕所，都不敢喝了。”结果话音刚落，她的手却无比诚实地伸向了后排的免费饮用水。我一边平稳地开着车，一边在心里默默吐槽：姐姐，您这到底是怕上厕所呢，还是想上厕所呢？
其实，滴滴专车提供免费饮用水，本意是提升乘客体验，公司也有明确标准：一人一瓶，免费提供。作为司机，我当然不会吝惜这几块钱的水费，但有时候，这几瓶水反而成了某些人“拿捏”司机的手段，真是让人哭笑不得。
听我细细道来这车厢里的“水之百态”。
第一种是“仪式感”乘客。上车后，他必须拧开一瓶水，凑到嘴边抿上那么一小口，然后郑重其事地拧上，放回原位。我至今没想通，这一口对于他来说究竟有什么作用？或许只是为了证明“这水我碰过了”？
第二种是“佛系”乘客。水拧开了，但绝对不喝，下车时原封不动地留在车上。仿佛他拧开瓶盖的动作，只是为了给这瓶水透透气。
第三种是“半瓶哲学”乘客。他会拧开一瓶水，喝掉一半，然后留下这半瓶“杰作”，下车时再顺手拿走另一瓶没开封的。那剩下的半瓶水，大概是他留给我的“盲盒惊喜”。
第四种是“借花献佛”乘客。一上车就拿起水，转手送给车下送行的亲友，还特别大方地挥手：“喝吧喝吧，专车上的，免费的！”那一刻，我感觉自己不仅是个司机，还是个免费的水站老板。
当然，最常见的还是“进货型”乘客。一个人上车，二话不说把车里的水全塞进自己的包里，也不喝，主打一个“连吃带拿”。
最让我破防的，是前几天遇到的一位大哥。他上车后熟练地把水全拿走，还语重心长地对我说：“师傅，我每次打专车都要拿水，家里水太多了根本喝不完。要不这样，我卖你几瓶，便宜点？”大哥，您这不光要享受专车服务，还要再挣点外快喽？
每天握着方向盘，看着形形色色的乘客，我渐渐明白，这几瓶小小的饮用水，照出的其实是人间的百态。有人是出于习惯，有人是贪小便宜，也有人或许只是觉得“不拿白不拿”。
作为司机，我能做的，就是保持微笑，把车开好。毕竟，水没了可以补，但如果因为几瓶水丢了服务的心态，那才是真的亏本。
生活就像这专车上的水，有人渴了才喝，有人拿了就走，而我，只负责把每一段旅程，平稳地送到终点。",,http://sns-webpic-qc.xhscdn.com/202606260954/5b2dae7d214b1de7d4f9b7e4632f16a2/1040g008321qu03lt7k6g5pi1u16homa0j7g5m88!nd_prv_wlteh_webp_3,{},2560,1920,WB_PRV,http://sns-webpic-qc.xhscdn.com/202606260954/5b2dae7d214b1de7d4f9b7e4632f16a2/1040g008321qu03lt7k6g5pi1u16homa0j7g5m88!nd_prv_wlteh_webp_3,WB_DFT,http://sns-webpic-qc.xhscdn.com/202606260954/b4b775cd4b6357b662de532cc68e8668/1040g008321qu03lt7k6g5pi1u16homa0j7g5m88!nd_dft_wlteh_webp_3,http://sns-webpic-qc.xhscdn.com/202606260954/b4b775cd4b6357b662de532cc68e8668/1040g008321qu03lt7k6g5pi1u16homa0j7g5m88!nd_dft_wlteh_webp_3,False,1040g008321qu03lt7k6g5pi1u16homa0j7g5m88,,[],1782360590000,1782360590000,山西,False,6a3caa0e000000001503f379,1782438864648,"{""cursor_score"":"""",""items"":[{""id"":""6a3caa0e000000001503f379"",""model_type"":""note"",""note_card"":{""at_user_list"":[],""last_update_time"":1782360590000,""type"":""normal"",""title"":"""",""user"":{""user_id"":""6641f04d0000000007005940"",""nickname"":""豆爹"",""avatar"":""https://sns-avatar-qc.xhscdn.com/avatar/645b7e4b86578b8c6ab3b056.jpg"",""xsec_token"":""ABEMghC4cvTZ8KLMZTZ5mjrFaiRAZpsN6RUQ9_kQopASk=""},""image_list"":[{""info_list"":[{""image_scene"":""WB_PRV"",""url"":""http://sns-webpic-qc.xhscdn.com/202606260954/5b2dae7d214b1de7d4f9b7e4632f16a2/1040g008321qu03lt7k6g5pi1u16homa0j7g5m88!nd_prv_wlteh_webp_3""},{""url"":""http://sns-webpic-qc.xhscdn.com/202606260954/b4b775cd4b6357b662de532cc68e8668/1040g008321qu03lt7k6g5pi1u16homa0j7g5m88!nd_dft_wlteh_webp_3"",""image_scene"":""WB_DFT""}],""stream"":{},""live_photo"":false,""file_id"":""1040g008321qu03lt7k6g5pi1u16homa0j7g5m88"",""height"":2560,""url"":"""",""url_default"":""http://sns-webpic-qc.xhscdn.com/202606260954/b4b775cd4b6357b662de532cc68e8668/1040g008321qu03lt7k6g5pi1u16homa0j7g5m88!nd_dft_wlteh_webp_3"",""width"":1920,""trace_id"":"""",""url_pre"":""http://sns-webpic-qc.xhscdn.com/202606260954/5b2dae7d214b1de7d4f9b7e4632f16a2/1040g008321qu03lt7k6g5pi1u16homa0j7g5m88!nd_prv_wlteh_webp_3""}],""tag_list"":[],""share_info"":{""un_share"":false},""note_id"":""6a3caa0e000000001503f379"",""desc"":""10年专车司机日更第9天：一瓶免费水，照出人间百态\n今天想和大家聊聊专车车厢里的那点事——关于那几瓶不起眼的饮用水。\n接到两位年轻女士，刚坐稳，其中一位就跟同伴抱怨：“我最近有个毛病，一喝水就想上厕所，都不敢喝了。”结果话音刚落，她的手却无比诚实地伸向了后排的免费饮用水。我一边平稳地开着车，一边在心里默默吐槽：姐姐，您这到底是怕上厕所呢，还是想上厕所呢？\n其实，滴滴专车提供免费饮用水，本意是提升乘客体验，公司也有明确标准：一人一瓶，免费提供。作为司机，我当然不会吝惜这几块钱的水费，但有时候，这几瓶水反而成了某些人“拿捏”司机的手段，真是让人哭笑不得。\n听我细细道来这车厢里的“水之百态”。\n第一种是“仪式感”乘客。上车后，他必须拧开一瓶水，凑到嘴边抿上那么一小口，然后郑重其事地拧上，放回原位。我至今没想通，这一口对于他来说究竟有什么作用？或许只是为了证明“这水我碰过了”？\n第二种是“佛系”乘客。水拧开了，但绝对不喝，下车时原封不动地留在车上。仿佛他拧开瓶盖的动作，只是为了给这瓶水透透气。\n第三种是“半瓶哲学”乘客。他会拧开一瓶水，喝掉一半，然后留下这半瓶“杰作”，下车时再顺手拿走另一瓶没开封的。那剩下的半瓶水，大概是他留给我的“盲盒惊喜”。\n第四种是“借花献佛”乘客。一上车就拿起水，转手送给车下送行的亲友，还特别大方地挥手：“喝吧喝吧，专车上的，免费的！”那一刻，我感觉自己不仅是个司机，还是个免费的水站老板。\n当然，最常见的还是“进货型”乘客。一个人上车，二话不说把车里的水全塞进自己的包里，也不喝，主打一个“连吃带拿”。\n最让我破防的，是前几天遇到的一位大哥。他上车后熟练地把水全拿走，还语重心长地对我说：“师傅，我每次打专车都要拿水，家里水太多了根本喝不完。要不这样，我卖你几瓶，便宜点？”大哥，您这不光要享受专车服务，还要再挣点外快喽？\n每天握着方向盘，看着形形色色的乘客，我渐渐明白，这几瓶小小的饮用水，照出的其实是人间的百态。有人是出于习惯，有人是贪小便宜，也有人或许只是觉得“不拿白不拿”。\n作为司机，我能做的，就是保持微笑，把车开好。毕竟，水没了可以补，但如果因为几瓶水丢了服务的心态，那才是真的亏本。\n生活就像这专车上的水，有人渴了才喝，有人拿了就走，而我，只负责把每一段旅程，平稳地送到终点。"",""interact_info"":{""liked_count"":""9"",""collected"":false,""collected_count"":"""",""comment_count"":""108"",""share_count"":""1"",""followed"":false,""relation"":""none"",""liked"":false},""time"":1782360590000,""ip_location"":""山西""}}],""current_time"":1782438864648}",[]
