search_keyword,search_url,search_rank,output_rank,filter_sort_by,filter_note_type,filter_publish_time,filter_search_scope,filter_location,page_filter_url,page_filter_selected,page_filter_error,source_url,note_id,xsec_source,preview_title,preview_author,cursor_score,items.0.id,items.0.model_type,items.0.note_card.note_id,items.0.note_card.type,items.0.note_card.title,items.0.note_card.user.avatar,items.0.note_card.user.xsec_token,items.0.note_card.user.user_id,items.0.note_card.user.nickname,items.0.note_card.at_user_list,items.0.note_card.ip_location,items.0.note_card.desc,items.0.note_card.interact_info.comment_count,items.0.note_card.interact_info.share_count,items.0.note_card.interact_info.followed,items.0.note_card.interact_info.relation,items.0.note_card.interact_info.liked,items.0.note_card.interact_info.liked_count,items.0.note_card.interact_info.collected,items.0.note_card.interact_info.collected_count,items.0.note_card.image_list.0.url,items.0.note_card.image_list.0.trace_id,items.0.note_card.image_list.0.info_list.0.image_scene,items.0.note_card.image_list.0.info_list.0.url,items.0.note_card.image_list.0.info_list.1.image_scene,items.0.note_card.image_list.0.info_list.1.url,items.0.note_card.image_list.0.url_pre,items.0.note_card.image_list.0.url_default,items.0.note_card.image_list.0.stream,items.0.note_card.image_list.0.live_photo,items.0.note_card.image_list.0.file_id,items.0.note_card.image_list.0.height,items.0.note_card.image_list.0.width,items.0.note_card.tag_list,items.0.note_card.time,items.0.note_card.last_update_time,items.0.note_card.share_info.un_share,current_time,raw_json,items.0.note_card.image_list.1.height,items.0.note_card.image_list.1.url,items.0.note_card.image_list.1.file_id,items.0.note_card.image_list.1.width,items.0.note_card.image_list.1.trace_id,items.0.note_card.image_list.1.info_list.0.image_scene,items.0.note_card.image_list.1.info_list.0.url,items.0.note_card.image_list.1.info_list.1.url,items.0.note_card.image_list.1.info_list.1.image_scene,items.0.note_card.image_list.1.url_pre,items.0.note_card.image_list.1.url_default,items.0.note_card.image_list.1.stream,items.0.note_card.image_list.1.live_photo,items.0.note_card.tag_list.0.name,items.0.note_card.tag_list.0.type,items.0.note_card.tag_list.0.id,items.0.note_card.tag_list.1.id,items.0.note_card.tag_list.1.name,items.0.note_card.tag_list.1.type,items.0.note_card.tag_list.2.type,items.0.note_card.tag_list.2.id,items.0.note_card.tag_list.2.name,items.0.note_card.tag_list.3.type,items.0.note_card.tag_list.3.id,items.0.note_card.tag_list.3.name,items.0.note_card.tag_list.4.id,items.0.note_card.tag_list.4.name,items.0.note_card.tag_list.4.type,items.0.note_card.tag_list.5.id,items.0.note_card.tag_list.5.name,items.0.note_card.tag_list.5.type,items.0.note_card.tag_list.6.id,items.0.note_card.tag_list.6.name,items.0.note_card.tag_list.6.type,items.0.note_card.tag_list.7.id,items.0.note_card.tag_list.7.name,items.0.note_card.tag_list.7.type,items.0.note_card.tag_list.8.name,items.0.note_card.tag_list.8.type,items.0.note_card.tag_list.8.id,items.0.note_card.image_list.2.width,items.0.note_card.image_list.2.trace_id,items.0.note_card.image_list.2.url_default,items.0.note_card.image_list.2.stream,items.0.note_card.image_list.2.file_id,items.0.note_card.image_list.2.height,items.0.note_card.image_list.2.url,items.0.note_card.image_list.2.info_list.0.image_scene,items.0.note_card.image_list.2.info_list.0.url,items.0.note_card.image_list.2.info_list.1.image_scene,items.0.note_card.image_list.2.info_list.1.url,items.0.note_card.image_list.2.url_pre,items.0.note_card.image_list.2.live_photo,items.0.note_card.image_list.3.url_default,items.0.note_card.image_list.3.height,items.0.note_card.image_list.3.width,items.0.note_card.image_list.3.url,items.0.note_card.image_list.3.info_list.0.image_scene,items.0.note_card.image_list.3.info_list.0.url,items.0.note_card.image_list.3.info_list.1.image_scene,items.0.note_card.image_list.3.info_list.1.url,items.0.note_card.image_list.3.live_photo,items.0.note_card.image_list.3.file_id,items.0.note_card.image_list.3.trace_id,items.0.note_card.image_list.3.url_pre,items.0.note_card.image_list.3.stream,items.0.note_card.image_list.4.width,items.0.note_card.image_list.4.url,items.0.note_card.image_list.4.trace_id,items.0.note_card.image_list.4.info_list.0.image_scene,items.0.note_card.image_list.4.info_list.0.url,items.0.note_card.image_list.4.info_list.1.image_scene,items.0.note_card.image_list.4.info_list.1.url,items.0.note_card.image_list.4.stream,items.0.note_card.image_list.4.live_photo,items.0.note_card.image_list.4.file_id,items.0.note_card.image_list.4.height,items.0.note_card.image_list.4.url_pre,items.0.note_card.image_list.4.url_default,items.0.note_card.image_list.5.width,items.0.note_card.image_list.5.stream,items.0.note_card.image_list.5.file_id,items.0.note_card.image_list.5.url,items.0.note_card.image_list.5.trace_id,items.0.note_card.image_list.5.info_list.0.image_scene,items.0.note_card.image_list.5.info_list.0.url,items.0.note_card.image_list.5.info_list.1.image_scene,items.0.note_card.image_list.5.info_list.1.url,items.0.note_card.image_list.5.url_pre,items.0.note_card.image_list.5.url_default,items.0.note_card.image_list.5.live_photo,items.0.note_card.image_list.5.height,items.0.note_card.at_user_list.0.user_id,items.0.note_card.at_user_list.0.nickname,items.0.note_card.at_user_list.0.xsec_token,items.0.note_card.illegal_info.desc,items.0.note_card.illegal_info.left_icon,items.0.note_card.illegal_info.link,items.0.note_card.at_user_list.1.user_id,items.0.note_card.at_user_list.1.nickname,items.0.note_card.at_user_list.1.xsec_token
滴滴出租车,https://www.xiaohongshu.com/search_result_ai?keyword=%E6%BB%B4%E6%BB%B4%E5%87%BA%E7%A7%9F%E8%BD%A6&source=web_explore_feed,19,1,综合,不限,一周内,不限,不限,https://www.xiaohongshu.com/search_result_ai?keyword=%E6%BB%B4%E6%BB%B4%E5%87%BA%E7%A7%9F%E8%BD%A6&source=web_explore_feed&type=51,"综合,一周内",,https://www.xiaohongshu.com/search_result/6a37ba5c000000001503ffe4?xsec_token=ABKcpdiNookDSeXJp_XLZsdZOn7bxhZW75eFzS70F39NY=&xsec_source=,6a37ba5c000000001503ffe4,,真心建议大家别用滴滴打车了,"小星
昨天 18:18",,6a37ba5c000000001503ffe4,note,6a37ba5c000000001503ffe4,normal,真心建议大家别用滴滴打车了,https://sns-avatar-qc.xhscdn.com/avatar/1040g2jo31dti05lsh0005o1efi609fksc0tmo6o,ABnS64VNT-Y1xjQc0wn2B-UT-eOtWw7nzVLCxFSDnVbBU=,602e7c8c000000000100be9c,小星,[],安徽,"端午过节打车回家，平常10元左右的路途费用，节假日打个车打了17元，端午当天打车平台➕了6.9元！！！
今天打出租车跟师傅闲聊，才知道过节出租车是没有加钱的，而且经过端午测试，打出租车竟然比从平台打车便宜，而且加的费用全被平台赚了！
真心建议管管滴滴平台吧，把人当傻子玩呢[生气R]",7,,False,none,False,4,False,,,,WB_PRV,http://sns-webpic-qc.xhscdn.com/202606220856/a25c9e826b2d493ab43a80345b3bfebc/notes_pre_post/1040g3k0321m3io527e005o1efi609fks00712p0!nd_prv_wlteh_webp_3,WB_DFT,http://sns-webpic-qc.xhscdn.com/202606220856/17c7bc4ef39f98951de484d26646a9d6/notes_pre_post/1040g3k0321m3io527e005o1efi609fks00712p0!nd_dft_wlteh_webp_3,http://sns-webpic-qc.xhscdn.com/202606220856/a25c9e826b2d493ab43a80345b3bfebc/notes_pre_post/1040g3k0321m3io527e005o1efi609fks00712p0!nd_prv_wlteh_webp_3,http://sns-webpic-qc.xhscdn.com/202606220856/17c7bc4ef39f98951de484d26646a9d6/notes_pre_post/1040g3k0321m3io527e005o1efi609fks00712p0!nd_dft_wlteh_webp_3,{},False,,2796,1290,[],1782037084000,1782037084000,False,1782089787080,"{""cursor_score"":"""",""items"":[{""id"":""6a37ba5c000000001503ffe4"",""model_type"":""note"",""note_card"":{""note_id"":""6a37ba5c000000001503ffe4"",""type"":""normal"",""title"":""真心建议大家别用滴滴打车了"",""user"":{""avatar"":""https://sns-avatar-qc.xhscdn.com/avatar/1040g2jo31dti05lsh0005o1efi609fksc0tmo6o"",""xsec_token"":""ABnS64VNT-Y1xjQc0wn2B-UT-eOtWw7nzVLCxFSDnVbBU="",""user_id"":""602e7c8c000000000100be9c"",""nickname"":""小星""},""at_user_list"":[],""ip_location"":""安徽"",""desc"":""端午过节打车回家，平常10元左右的路途费用，节假日打个车打了17元，端午当天打车平台➕了6.9元！！！\n今天打出租车跟师傅闲聊，才知道过节出租车是没有加钱的，而且经过端午测试，打出租车竟然比从平台打车便宜，而且加的费用全被平台赚了！\n真心建议管管滴滴平台吧，把人当傻子玩呢[生气R]"",""interact_info"":{""comment_count"":""7"",""share_count"":"""",""followed"":false,""relation"":""none"",""liked"":false,""liked_count"":""4"",""collected"":false,""collected_count"":""""},""image_list"":[{""url"":"""",""trace_id"":"""",""info_list"":[{""image_scene"":""WB_PRV"",""url"":""http://sns-webpic-qc.xhscdn.com/202606220856/a25c9e826b2d493ab43a80345b3bfebc/notes_pre_post/1040g3k0321m3io527e005o1efi609fks00712p0!nd_prv_wlteh_webp_3""},{""image_scene"":""WB_DFT"",""url"":""http://sns-webpic-qc.xhscdn.com/202606220856/17c7bc4ef39f98951de484d26646a9d6/notes_pre_post/1040g3k0321m3io527e005o1efi609fks00712p0!nd_dft_wlteh_webp_3""}],""url_pre"":""http://sns-webpic-qc.xhscdn.com/202606220856/a25c9e826b2d493ab43a80345b3bfebc/notes_pre_post/1040g3k0321m3io527e005o1efi609fks00712p0!nd_prv_wlteh_webp_3"",""url_default"":""http://sns-webpic-qc.xhscdn.com/202606220856/17c7bc4ef39f98951de484d26646a9d6/notes_pre_post/1040g3k0321m3io527e005o1efi609fks00712p0!nd_dft_wlteh_webp_3"",""stream"":{},""live_photo"":false,""file_id"":"""",""height"":2796,""width"":1290}],""tag_list"":[],""time"":1782037084000,""last_update_time"":1782037084000,""share_info"":{""un_share"":false}}}],""current_time"":1782089787080}",,,,,,,,,,,,,,,,,,,,,,,,,,,,,,,,,,,,,,,,,,,,,,,,,,,,,,,,,,,,,,,,,,,,,,,,,,,,,,,,,,,,,,,,,,,,,,,,,,,,,
滴滴出租车,https://www.xiaohongshu.com/search_result_ai?keyword=%E6%BB%B4%E6%BB%B4%E5%87%BA%E7%A7%9F%E8%BD%A6&source=web_explore_feed,42,2,综合,不限,一周内,不限,不限,https://www.xiaohongshu.com/search_result_ai?keyword=%E6%BB%B4%E6%BB%B4%E5%87%BA%E7%A7%9F%E8%BD%A6&source=web_explore_feed&type=51,"综合,一周内",,https://www.xiaohongshu.com/search_result/6a37b3a2000000000f0147dd?xsec_token=ABKcpdiNookDSeXJp_XLZsda_fltmtPLmx-QyTWjVeRhs=&xsec_source=,6a37b3a2000000000f0147dd,,某滴打车打到出租车🚕的计价标准是什么？,"德艺双馨的李老师
昨天 17:49",,6a37b3a2000000000f0147dd,note,6a37b3a2000000000f0147dd,normal,某滴打车打到出租车🚕的计价标准是什么？,https://sns-avatar-qc.xhscdn.com/avatar/1040g2jo31olm9kkkkq1g5ntblki08eorsem0edo,ABSfxmkwXY4vswPoLihiNpDWkuEskS8Hzf9tcn2vjzAaQ=,5fabad240000000001003b1b,德艺双馨的李老师,[],北京,"早上用某滴打了个车，显示预估价格不到20元（记得没选出租车）
来了辆出租车🚕送到地方显示需要支付45元，费用翻了一倍还多，感觉不对就没支付。
查了当地出租车的计价标准和行驶里程推算打表费用26左右，电话询问司机说打表费用30元，其余是平台服务费。
退一万步讲，就算司机打表无误，也就是乘客要额外付0.5倍的车费作为平台服务费，加起来就是1.5倍的打表费甚至都不止，这不太对吧？
如果我200的车费岂不是要付300起了？！
那谁还选出租车？某滴吃相也太难看了吧
#关于我打车被司机种草这件事[话题]# #出租车[话题]# #网约车[话题]# #拒绝价格刺客[话题]# #滴滴出行[话题]# #滴滴[话题]# #滴滴司机[话题]# #滴滴打车[话题]# #滴滴车主[话题]#",24,,False,none,False,3,False,,,,WB_PRV,http://sns-webpic-qc.xhscdn.com/202606220857/b920d66356ea8c1e61744648ca198ac2/1040g2sg321m2j30kmse05ntblki08eoros8khb0!nd_prv_wlteh_webp_3,WB_DFT,http://sns-webpic-qc.xhscdn.com/202606220857/169842ddec21d7ba3921ae6a31cecf83/1040g2sg321m2j30kmse05ntblki08eoros8khb0!nd_dft_wlteh_webp_3,http://sns-webpic-qc.xhscdn.com/202606220857/b920d66356ea8c1e61744648ca198ac2/1040g2sg321m2j30kmse05ntblki08eoros8khb0!nd_prv_wlteh_webp_3,http://sns-webpic-qc.xhscdn.com/202606220857/169842ddec21d7ba3921ae6a31cecf83/1040g2sg321m2j30kmse05ntblki08eoros8khb0!nd_dft_wlteh_webp_3,{},False,,1600,1200,,1782035362000,1782035362000,False,1782089856467,"{""cursor_score"":"""",""items"":[{""id"":""6a37b3a2000000000f0147dd"",""model_type"":""note"",""note_card"":{""at_user_list"":[],""last_update_time"":1782035362000,""ip_location"":""北京"",""share_info"":{""un_share"":false},""note_id"":""6a37b3a2000000000f0147dd"",""title"":""某滴打车打到出租车🚕的计价标准是什么？"",""user"":{""user_id"":""5fabad240000000001003b1b"",""nickname"":""德艺双馨的李老师"",""avatar"":""https://sns-avatar-qc.xhscdn.com/avatar/1040g2jo31olm9kkkkq1g5ntblki08eorsem0edo"",""xsec_token"":""ABSfxmkwXY4vswPoLihiNpDWkuEskS8Hzf9tcn2vjzAaQ=""},""image_list"":[{""width"":1200,""url"":"""",""stream"":{},""live_photo"":false,""url_pre"":""http://sns-webpic-qc.xhscdn.com/202606220857/b920d66356ea8c1e61744648ca198ac2/1040g2sg321m2j30kmse05ntblki08eoros8khb0!nd_prv_wlteh_webp_3"",""url_default"":""http://sns-webpic-qc.xhscdn.com/202606220857/169842ddec21d7ba3921ae6a31cecf83/1040g2sg321m2j30kmse05ntblki08eoros8khb0!nd_dft_wlteh_webp_3"",""file_id"":"""",""height"":1600,""trace_id"":"""",""info_list"":[{""image_scene"":""WB_PRV"",""url"":""http://sns-webpic-qc.xhscdn.com/202606220857/b920d66356ea8c1e61744648ca198ac2/1040g2sg321m2j30kmse05ntblki08eoros8khb0!nd_prv_wlteh_webp_3""},{""image_scene"":""WB_DFT"",""url"":""http://sns-webpic-qc.xhscdn.com/202606220857/169842ddec21d7ba3921ae6a31cecf83/1040g2sg321m2j30kmse05ntblki08eoros8khb0!nd_dft_wlteh_webp_3""}]},{""height"":1327,""url"":"""",""file_id"":"""",""width"":1206,""trace_id"":"""",""info_list"":[{""image_scene"":""WB_PRV"",""url"":""http://sns-webpic-qc.xhscdn.com/202606220857/263c9fa929c51ddd47e135a5c0291ed4/1040g2sg321m2j30kmseg5ntblki08eorahdnje8!nd_prv_wlteh_webp_3""},{""url"":""http://sns-webpic-qc.xhscdn.com/202606220857/c3a0fc67d6d5c447b8ff2dc4685bdc79/1040g2sg321m2j30kmseg5ntblki08eorahdnje8!nd_dft_wlteh_webp_3"",""image_scene"":""WB_DFT""}],""url_pre"":""http://sns-webpic-qc.xhscdn.com/202606220857/263c9fa929c51ddd47e135a5c0291ed4/1040g2sg321m2j30kmseg5ntblki08eorahdnje8!nd_prv_wlteh_webp_3"",""url_default"":""http://sns-webpic-qc.xhscdn.com/202606220857/c3a0fc67d6d5c447b8ff2dc4685bdc79/1040g2sg321m2j30kmseg5ntblki08eorahdnje8!nd_dft_wlteh_webp_3"",""stream"":{},""live_photo"":false}],""tag_list"":[{""name"":""关于我打车被司机种草这件事"",""type"":""topic"",""id"":""68d3d0dd000000001100c1e8""},{""id"":""5c3c4acd000000000e033fbb"",""name"":""出租车"",""type"":""topic""},{""type"":""topic"",""id"":""5c3584bf000000000f0038bc"",""name"":""网约车""},{""type"":""topic"",""id"":""650afa4f000000000d01c562"",""name"":""拒绝价格刺客""},{""id"":""5c98635a000000000d03fb1d"",""name"":""滴滴出行"",""type"":""topic""},{""id"":""5c0406f17c10ee00012f1d55"",""name"":""滴滴"",""type"":""topic""},{""id"":""5d074e9a000000000e00f319"",""name"":""滴滴司机"",""type"":""topic""},{""id"":""5c5181a8000000001c0319da"",""name"":""滴滴打车"",""type"":""topic""},{""name"":""滴滴车主"",""type"":""topic"",""id"":""5d32ca94000000001801fe54""}],""time"":1782035362000,""type"":""normal"",""desc"":""早上用某滴打了个车，显示预估价格不到20元（记得没选出租车）\n来了辆出租车🚕送到地方显示需要支付45元，费用翻了一倍还多，感觉不对就没支付。\n查了当地出租车的计价标准和行驶里程推算打表费用26左右，电话询问司机说打表费用30元，其余是平台服务费。\n退一万步讲，就算司机打表无误，也就是乘客要额外付0.5倍的车费作为平台服务费，加起来就是1.5倍的打表费甚至都不止，这不太对吧？\n如果我200的车费岂不是要付300起了？！\n那谁还选出租车？某滴吃相也太难看了吧\n#关于我打车被司机种草这件事[话题]# #出租车[话题]# #网约车[话题]# #拒绝价格刺客[话题]# #滴滴出行[话题]# #滴滴[话题]# #滴滴司机[话题]# #滴滴打车[话题]# #滴滴车主[话题]#"",""interact_info"":{""share_count"":"""",""followed"":false,""relation"":""none"",""liked"":false,""liked_count"":""3"",""collected"":false,""collected_count"":"""",""comment_count"":""24""}}}],""current_time"":1782089856467}",1327,,,1206,,WB_PRV,http://sns-webpic-qc.xhscdn.com/202606220857/263c9fa929c51ddd47e135a5c0291ed4/1040g2sg321m2j30kmseg5ntblki08eorahdnje8!nd_prv_wlteh_webp_3,http://sns-webpic-qc.xhscdn.com/202606220857/c3a0fc67d6d5c447b8ff2dc4685bdc79/1040g2sg321m2j30kmseg5ntblki08eorahdnje8!nd_dft_wlteh_webp_3,WB_DFT,http://sns-webpic-qc.xhscdn.com/202606220857/263c9fa929c51ddd47e135a5c0291ed4/1040g2sg321m2j30kmseg5ntblki08eorahdnje8!nd_prv_wlteh_webp_3,http://sns-webpic-qc.xhscdn.com/202606220857/c3a0fc67d6d5c447b8ff2dc4685bdc79/1040g2sg321m2j30kmseg5ntblki08eorahdnje8!nd_dft_wlteh_webp_3,{},False,关于我打车被司机种草这件事,topic,68d3d0dd000000001100c1e8,5c3c4acd000000000e033fbb,出租车,topic,topic,5c3584bf000000000f0038bc,网约车,topic,650afa4f000000000d01c562,拒绝价格刺客,5c98635a000000000d03fb1d,滴滴出行,topic,5c0406f17c10ee00012f1d55,滴滴,topic,5d074e9a000000000e00f319,滴滴司机,topic,5c5181a8000000001c0319da,滴滴打车,topic,滴滴车主,topic,5d32ca94000000001801fe54,,,,,,,,,,,,,,,,,,,,,,,,,,,,,,,,,,,,,,,,,,,,,,,,,,,,,,,,,,,,,
滴滴出租车,https://www.xiaohongshu.com/search_result_ai?keyword=%E6%BB%B4%E6%BB%B4%E5%87%BA%E7%A7%9F%E8%BD%A6&source=web_explore_feed,63,3,综合,不限,一周内,不限,不限,https://www.xiaohongshu.com/search_result_ai?keyword=%E6%BB%B4%E6%BB%B4%E5%87%BA%E7%A7%9F%E8%BD%A6&source=web_explore_feed&type=51,"综合,一周内",,https://www.xiaohongshu.com/search_result/6a31f2fd0000000011019827?xsec_token=ABzo91c7VIfdppP7FCZM7bRAaNJyu7_QQ57J6MJ-iTipk=&xsec_source=,6a31f2fd0000000011019827,,打滴滴一定不要选出租车！,"哇咔咔
4天前",,6a31f2fd0000000011019827,note,6a31f2fd0000000011019827,normal,打滴滴一定不要选出租车！,https://sns-avatar-qc.xhscdn.com/avatar/1040g2jo321gevv9o70705p9h8kiampcuj4ohdqo,ABIKmdrFUBRFN3-owV6EGl4P3hpxvbvpvEaRcDoVVS9io=,65314524000000002a03659e,哇咔咔,[],广东,大家打滴滴一定不要勾选出租车的选项，他们还是和线下一样！拒载！态度差！#滴滴[话题]# #出租车[话题]#,32,2,False,none,False,9,False,,,,WB_PRV,http://sns-webpic-qc.xhscdn.com/202606220858/800881071f8c77ce6e2de61a4c7dab2c/notes_pre_post/1040g3k0321geum8t70005p9h8kiampcucke7mm0!nd_prv_wlteh_webp_3,WB_DFT,http://sns-webpic-qc.xhscdn.com/202606220858/08af688c7b22805edd10843b801efa34/notes_pre_post/1040g3k0321geum8t70005p9h8kiampcucke7mm0!nd_dft_wlteh_webp_3,http://sns-webpic-qc.xhscdn.com/202606220858/800881071f8c77ce6e2de61a4c7dab2c/notes_pre_post/1040g3k0321geum8t70005p9h8kiampcucke7mm0!nd_prv_wlteh_webp_3,http://sns-webpic-qc.xhscdn.com/202606220858/08af688c7b22805edd10843b801efa34/notes_pre_post/1040g3k0321geum8t70005p9h8kiampcucke7mm0!nd_dft_wlteh_webp_3,{},False,,1600,1200,,1781658365000,1781667295000,False,1782089919982,"{""cursor_score"":"""",""items"":[{""id"":""6a31f2fd0000000011019827"",""model_type"":""note"",""note_card"":{""desc"":""大家打滴滴一定不要勾选出租车的选项，他们还是和线下一样！拒载！态度差！#滴滴[话题]# #出租车[话题]#"",""tag_list"":[{""id"":""5c0406f17c10ee00012f1d55"",""name"":""滴滴"",""type"":""topic""},{""id"":""5c3c4acd000000000e033fbb"",""name"":""出租车"",""type"":""topic""}],""at_user_list"":[],""ip_location"":""广东"",""share_info"":{""un_share"":false},""note_id"":""6a31f2fd0000000011019827"",""type"":""normal"",""title"":""打滴滴一定不要选出租车！"",""user"":{""user_id"":""65314524000000002a03659e"",""nickname"":""哇咔咔"",""avatar"":""https://sns-avatar-qc.xhscdn.com/avatar/1040g2jo321gevv9o70705p9h8kiampcuj4ohdqo"",""xsec_token"":""ABIKmdrFUBRFN3-owV6EGl4P3hpxvbvpvEaRcDoVVS9io=""},""interact_info"":{""followed"":false,""relation"":""none"",""liked"":false,""liked_count"":""9"",""collected"":false,""collected_count"":"""",""comment_count"":""32"",""share_count"":""2""},""image_list"":[{""stream"":{},""live_photo"":false,""url"":"""",""url_pre"":""http://sns-webpic-qc.xhscdn.com/202606220858/800881071f8c77ce6e2de61a4c7dab2c/notes_pre_post/1040g3k0321geum8t70005p9h8kiampcucke7mm0!nd_prv_wlteh_webp_3"",""url_default"":""http://sns-webpic-qc.xhscdn.com/202606220858/08af688c7b22805edd10843b801efa34/notes_pre_post/1040g3k0321geum8t70005p9h8kiampcucke7mm0!nd_dft_wlteh_webp_3"",""trace_id"":"""",""info_list"":[{""image_scene"":""WB_PRV"",""url"":""http://sns-webpic-qc.xhscdn.com/202606220858/800881071f8c77ce6e2de61a4c7dab2c/notes_pre_post/1040g3k0321geum8t70005p9h8kiampcucke7mm0!nd_prv_wlteh_webp_3""},{""url"":""http://sns-webpic-qc.xhscdn.com/202606220858/08af688c7b22805edd10843b801efa34/notes_pre_post/1040g3k0321geum8t70005p9h8kiampcucke7mm0!nd_dft_wlteh_webp_3"",""image_scene"":""WB_DFT""}],""file_id"":"""",""height"":1600,""width"":1200}],""time"":1781658365000,""last_update_time"":1781667295000}}],""current_time"":1782089919982}",,,,,,,,,,,,,,滴滴,topic,5c0406f17c10ee00012f1d55,5c3c4acd000000000e033fbb,出租车,topic,,,,,,,,,,,,,,,,,,,,,,,,,,,,,,,,,,,,,,,,,,,,,,,,,,,,,,,,,,,,,,,,,,,,,,,,,,,,,,,,,,
滴滴出租车,https://www.xiaohongshu.com/search_result_ai?keyword=%E6%BB%B4%E6%BB%B4%E5%87%BA%E7%A7%9F%E8%BD%A6&source=web_explore_feed,72,4,综合,不限,一周内,不限,不限,https://www.xiaohongshu.com/search_result_ai?keyword=%E6%BB%B4%E6%BB%B4%E5%87%BA%E7%A7%9F%E8%BD%A6&source=web_explore_feed&type=51,"综合,一周内",,https://www.xiaohongshu.com/search_result/6a36633c000000001101f025?xsec_token=ABJoE-mZxZnBNmIc4i_lT6xWZoFNbeAWHSmATOZK_0yDI=&xsec_source=,6a36633c000000001101f025,,滴滴后台明知宰客却放任不管,"彼岸
1天前",,6a36633c000000001101f025,note,6a36633c000000001101f025,normal,滴滴后台明知宰客却放任不管,https://sns-avatar-qc.xhscdn.com/avatar/1040g2jo30rj5ad1u2q605o16g29086t6rtt8te0,AB5A7A_aGjiknHxOG_vkZvMiUP5RTNrVXlmkZtRD71aUo=,602680920000000001001ba6,彼岸,,广东,"下单预估价最高13元追加车型后预估最高13.4元，下车直接收26元，车费直接翻倍，找滴滴人工客服对线，后台核实行驶里程只有2.4公里，我下车实拍计价器，最后巷子太窄提前一百多米下车，还实打实跑了3公里多，司机凭空多跑了0.6km！
一开始我甚至都没发订单、没说行程，滴滴AI客服一上来直接精准报出我预估和实付的差价，还主动甩出两个补偿方案：要么15元券、要么减14元账单。这说明平台后台全程实时监控每一笔订单，明明早就清楚这单收费严重超标，却不提前管控
全程拉扯半个多小时，客服没有一句正面解释，全程复制粘贴机器人话术，反复追问绕路原因、计价逻辑，只会甩锅“出租车打表，平台不干预”
当晚联系客服明确表示24点前跟我电话联系给出处理结果，客服也说已经对接清楚，结果最后等了两个半小时到了24点也没有跟我联系
#关于滴滴打出租车乱收费[话题]# #滴滴出行[话题]# @滴滴出行客服",18,,False,none,False,13,False,,,,WB_PRV,http://sns-webpic-qc.xhscdn.com/202606220859/a41ee13766308d64ece86db22c5001a1/1040g2sg321ko9bjh6shg5o16g29086t62uosg28!nd_prv_wlteh_webp_3,WB_DFT,http://sns-webpic-qc.xhscdn.com/202606220859/6c76ab5ba4deff5b3c1b4c8c6948444b/1040g2sg321ko9bjh6shg5o16g29086t62uosg28!nd_dft_wlteh_webp_3,http://sns-webpic-qc.xhscdn.com/202606220859/a41ee13766308d64ece86db22c5001a1/1040g2sg321ko9bjh6shg5o16g29086t62uosg28!nd_prv_wlteh_webp_3,http://sns-webpic-qc.xhscdn.com/202606220859/6c76ab5ba4deff5b3c1b4c8c6948444b/1040g2sg321ko9bjh6shg5o16g29086t62uosg28!nd_dft_wlteh_webp_3,{},False,,2800,1260,,1781949244000,1781949244000,False,1782089947048,"{""cursor_score"":"""",""items"":[{""id"":""6a36633c000000001101f025"",""model_type"":""note"",""note_card"":{""desc"":""下单预估价最高13元追加车型后预估最高13.4元，下车直接收26元，车费直接翻倍，找滴滴人工客服对线，后台核实行驶里程只有2.4公里，我下车实拍计价器，最后巷子太窄提前一百多米下车，还实打实跑了3公里多，司机凭空多跑了0.6km！\n一开始我甚至都没发订单、没说行程，滴滴AI客服一上来直接精准报出我预估和实付的差价，还主动甩出两个补偿方案：要么15元券、要么减14元账单。这说明平台后台全程实时监控每一笔订单，明明早就清楚这单收费严重超标，却不提前管控\n全程拉扯半个多小时，客服没有一句正面解释，全程复制粘贴机器人话术，反复追问绕路原因、计价逻辑，只会甩锅“出租车打表，平台不干预”\n当晚联系客服明确表示24点前跟我电话联系给出处理结果，客服也说已经对接清楚，结果最后等了两个半小时到了24点也没有跟我联系\n#关于滴滴打出租车乱收费[话题]# #滴滴出行[话题]# @滴滴出行客服"",""user"":{""user_id"":""602680920000000001001ba6"",""nickname"":""彼岸"",""avatar"":""https://sns-avatar-qc.xhscdn.com/avatar/1040g2jo30rj5ad1u2q605o16g29086t6rtt8te0"",""xsec_token"":""AB5A7A_aGjiknHxOG_vkZvMiUP5RTNrVXlmkZtRD71aUo=""},""interact_info"":{""share_count"":"""",""followed"":false,""relation"":""none"",""liked"":false,""liked_count"":""13"",""collected"":false,""collected_count"":"""",""comment_count"":""18""},""tag_list"":[{""type"":""topic"",""id"":""699867e8000000002500a36e"",""name"":""关于滴滴打出租车乱收费""},{""id"":""5c98635a000000000d03fb1d"",""name"":""滴滴出行"",""type"":""topic""}],""share_info"":{""un_share"":false},""note_id"":""6a36633c000000001101f025"",""title"":""滴滴后台明知宰客却放任不管"",""image_list"":[{""height"":2800,""url"":"""",""trace_id"":"""",""url_default"":""http://sns-webpic-qc.xhscdn.com/202606220859/6c76ab5ba4deff5b3c1b4c8c6948444b/1040g2sg321ko9bjh6shg5o16g29086t62uosg28!nd_dft_wlteh_webp_3"",""stream"":{},""live_photo"":false,""file_id"":"""",""info_list"":[{""image_scene"":""WB_PRV"",""url"":""http://sns-webpic-qc.xhscdn.com/202606220859/a41ee13766308d64ece86db22c5001a1/1040g2sg321ko9bjh6shg5o16g29086t62uosg28!nd_prv_wlteh_webp_3""},{""image_scene"":""WB_DFT"",""url"":""http://sns-webpic-qc.xhscdn.com/202606220859/6c76ab5ba4deff5b3c1b4c8c6948444b/1040g2sg321ko9bjh6shg5o16g29086t62uosg28!nd_dft_wlteh_webp_3""}],""url_pre"":""http://sns-webpic-qc.xhscdn.com/202606220859/a41ee13766308d64ece86db22c5001a1/1040g2sg321ko9bjh6shg5o16g29086t62uosg28!nd_prv_wlteh_webp_3"",""width"":1260},{""url"":"""",""stream"":{},""live_photo"":false,""height"":2800,""width"":1260,""info_list"":[{""url"":""http://sns-webpic-qc.xhscdn.com/202606220859/65d43fc35ed1c04964b8adbab8c61fa8/1040g2sg321ko9bjh6seg5o16g29086t67q1vlog!nd_prv_wlteh_webp_3"",""image_scene"":""WB_PRV""},{""url"":""http://sns-webpic-qc.xhscdn.com/202606220859/5b6b1988dd9807a7bee4f43433c6ad9c/1040g2sg321ko9bjh6seg5o16g29086t67q1vlog!nd_dft_wlteh_webp_3"",""image_scene"":""WB_DFT""}],""url_pre"":""http://sns-webpic-qc.xhscdn.com/202606220859/65d43fc35ed1c04964b8adbab8c61fa8/1040g2sg321ko9bjh6seg5o16g29086t67q1vlog!nd_prv_wlteh_webp_3"",""url_default"":""http://sns-webpic-qc.xhscdn.com/202606220859/5b6b1988dd9807a7bee4f43433c6ad9c/1040g2sg321ko9bjh6seg5o16g29086t67q1vlog!nd_dft_wlteh_webp_3"",""file_id"":"""",""trace_id"":""""},{""width"":1260,""trace_id"":"""",""url_default"":""http://sns-webpic-qc.xhscdn.com/202606220859/2489f6d5d1ce43573a3fc66c3b0d5a59/1040g2sg321ko9bjh6sf05o16g29086t6m83c0d0!nd_dft_wlteh_webp_3"",""stream"":{},""file_id"":"""",""height"":2800,""url"":"""",""info_list"":[{""image_scene"":""WB_PRV"",""url"":""http://sns-webpic-qc.xhscdn.com/202606220859/c2154e7613f9ddbfe8829ee84226e436/1040g2sg321ko9bjh6sf05o16g29086t6m83c0d0!nd_prv_wlteh_webp_3""},{""image_scene"":""WB_DFT"",""url"":""http://sns-webpic-qc.xhscdn.com/202606220859/2489f6d5d1ce43573a3fc66c3b0d5a59/1040g2sg321ko9bjh6sf05o16g29086t6m83c0d0!nd_dft_wlteh_webp_3""}],""url_pre"":""http://sns-webpic-qc.xhscdn.com/202606220859/c2154e7613f9ddbfe8829ee84226e436/1040g2sg321ko9bjh6sf05o16g29086t6m83c0d0!nd_prv_wlteh_webp_3"",""live_photo"":false},{""url_default"":""http://sns-webpic-qc.xhscdn.com/202606220859/98ff5f523d830f6acae189a40ec9b29b/1040g2sg321ko9bjh6sj05o16g29086t6acmak3g!nd_dft_wlteh_webp_3"",""height"":2800,""width"":1260,""url"":"""",""info_list"":[{""image_scene"":""WB_PRV"",""url"":""http://sns-webpic-qc.xhscdn.com/202606220859/27fc577d6d8d59858df87ec9658f9696/1040g2sg321ko9bjh6sj05o16g29086t6acmak3g!nd_prv_wlteh_webp_3""},{""image_scene"":""WB_DFT"",""url"":""http://sns-webpic-qc.xhscdn.com/202606220859/98ff5f523d830f6acae189a40ec9b29b/1040g2sg321ko9bjh6sj05o16g29086t6acmak3g!nd_dft_wlteh_webp_3""}],""live_photo"":false,""file_id"":"""",""trace_id"":"""",""url_pre"":""http://sns-webpic-qc.xhscdn.com/202606220859/27fc577d6d8d59858df87ec9658f9696/1040g2sg321ko9bjh6sj05o16g29086t6acmak3g!nd_prv_wlteh_webp_3"",""stream"":{}},{""width"":1260,""url"":"""",""trace_id"":"""",""info_list"":[{""image_scene"":""WB_PRV"",""url"":""http://sns-webpic-qc.xhscdn.com/202606220859/642c83e9f443918d9c0bf170b48a8b26/1040g2sg321ko9bjh6sfg5o16g29086t6u23d27o!nd_prv_wlteh_webp_3""},{""image_scene"":""WB_DFT"",""url"":""http://sns-webpic-qc.xhscdn.com/202606220859/d782dc75fd620af4b6fb56cb4fc9b9b0/1040g2sg321ko9bjh6sfg5o16g29086t6u23d27o!nd_dft_wlteh_webp_3""}],""stream"":{},""live_photo"":false,""file_id"":"""",""height"":2800,""url_pre"":""http://sns-webpic-qc.xhscdn.com/202606220859/642c83e9f443918d9c0bf170b48a8b26/1040g2sg321ko9bjh6sfg5o16g29086t6u23d27o!nd_prv_wlteh_webp_3"",""url_default"":""http://sns-webpic-qc.xhscdn.com/202606220859/d782dc75fd620af4b6fb56cb4fc9b9b0/1040g2sg321ko9bjh6sfg5o16g29086t6u23d27o!nd_dft_wlteh_webp_3""},{""width"":4096,""stream"":{},""file_id"":"""",""url"":"""",""trace_id"":"""",""info_list"":[{""image_scene"":""WB_PRV"",""url"":""http://sns-webpic-qc.xhscdn.com/202606220859/18cf2e7c9fc7f2f12a9d1fee7bde4fa5/1040g2sg321ko9bjh6sg05o16g29086t6m3ga8h8!nd_prv_wgth_webp_3""},{""image_scene"":""WB_DFT"",""url"":""http://sns-webpic-qc.xhscdn.com/202606220859/3ab09b8bf3e3ea971b05330436fb8f34/1040g2sg321ko9bjh6sg05o16g29086t6m3ga8h8!nd_dft_wgth_webp_3""}],""url_pre"":""http://sns-webpic-qc.xhscdn.com/202606220859/18cf2e7c9fc7f2f12a9d1fee7bde4fa5/1040g2sg321ko9bjh6sg05o16g29086t6m3ga8h8!nd_prv_wgth_webp_3"",""url_default"":""http://sns-webpic-qc.xhscdn.com/202606220859/3ab09b8bf3e3ea971b05330436fb8f34/1040g2sg321ko9bjh6sg05o16g29086t6m3ga8h8!nd_dft_wgth_webp_3"",""live_photo"":false,""height"":3500}],""at_user_list"":[{""user_id"":""61b2e3b8000000001000b65a"",""nickname"":""滴滴出行客服"",""xsec_token"":""ABVvFcK_3c6uLbstEyZA3gSzvcGJZwbTloXRtBuQRSi9Y=""}],""time"":1781949244000,""last_update_time"":1781949244000,""ip_location"":""广东"",""type"":""normal""}}],""current_time"":1782089947048}",2800,,,1260,,WB_PRV,http://sns-webpic-qc.xhscdn.com/202606220859/65d43fc35ed1c04964b8adbab8c61fa8/1040g2sg321ko9bjh6seg5o16g29086t67q1vlog!nd_prv_wlteh_webp_3,http://sns-webpic-qc.xhscdn.com/202606220859/5b6b1988dd9807a7bee4f43433c6ad9c/1040g2sg321ko9bjh6seg5o16g29086t67q1vlog!nd_dft_wlteh_webp_3,WB_DFT,http://sns-webpic-qc.xhscdn.com/202606220859/65d43fc35ed1c04964b8adbab8c61fa8/1040g2sg321ko9bjh6seg5o16g29086t67q1vlog!nd_prv_wlteh_webp_3,http://sns-webpic-qc.xhscdn.com/202606220859/5b6b1988dd9807a7bee4f43433c6ad9c/1040g2sg321ko9bjh6seg5o16g29086t67q1vlog!nd_dft_wlteh_webp_3,{},False,关于滴滴打出租车乱收费,topic,699867e8000000002500a36e,5c98635a000000000d03fb1d,滴滴出行,topic,,,,,,,,,,,,,,,,,,,,,,1260,,http://sns-webpic-qc.xhscdn.com/202606220859/2489f6d5d1ce43573a3fc66c3b0d5a59/1040g2sg321ko9bjh6sf05o16g29086t6m83c0d0!nd_dft_wlteh_webp_3,{},,2800,,WB_PRV,http://sns-webpic-qc.xhscdn.com/202606220859/c2154e7613f9ddbfe8829ee84226e436/1040g2sg321ko9bjh6sf05o16g29086t6m83c0d0!nd_prv_wlteh_webp_3,WB_DFT,http://sns-webpic-qc.xhscdn.com/202606220859/2489f6d5d1ce43573a3fc66c3b0d5a59/1040g2sg321ko9bjh6sf05o16g29086t6m83c0d0!nd_dft_wlteh_webp_3,http://sns-webpic-qc.xhscdn.com/202606220859/c2154e7613f9ddbfe8829ee84226e436/1040g2sg321ko9bjh6sf05o16g29086t6m83c0d0!nd_prv_wlteh_webp_3,False,http://sns-webpic-qc.xhscdn.com/202606220859/98ff5f523d830f6acae189a40ec9b29b/1040g2sg321ko9bjh6sj05o16g29086t6acmak3g!nd_dft_wlteh_webp_3,2800,1260,,WB_PRV,http://sns-webpic-qc.xhscdn.com/202606220859/27fc577d6d8d59858df87ec9658f9696/1040g2sg321ko9bjh6sj05o16g29086t6acmak3g!nd_prv_wlteh_webp_3,WB_DFT,http://sns-webpic-qc.xhscdn.com/202606220859/98ff5f523d830f6acae189a40ec9b29b/1040g2sg321ko9bjh6sj05o16g29086t6acmak3g!nd_dft_wlteh_webp_3,False,,,http://sns-webpic-qc.xhscdn.com/202606220859/27fc577d6d8d59858df87ec9658f9696/1040g2sg321ko9bjh6sj05o16g29086t6acmak3g!nd_prv_wlteh_webp_3,{},1260,,,WB_PRV,http://sns-webpic-qc.xhscdn.com/202606220859/642c83e9f443918d9c0bf170b48a8b26/1040g2sg321ko9bjh6sfg5o16g29086t6u23d27o!nd_prv_wlteh_webp_3,WB_DFT,http://sns-webpic-qc.xhscdn.com/202606220859/d782dc75fd620af4b6fb56cb4fc9b9b0/1040g2sg321ko9bjh6sfg5o16g29086t6u23d27o!nd_dft_wlteh_webp_3,{},False,,2800,http://sns-webpic-qc.xhscdn.com/202606220859/642c83e9f443918d9c0bf170b48a8b26/1040g2sg321ko9bjh6sfg5o16g29086t6u23d27o!nd_prv_wlteh_webp_3,http://sns-webpic-qc.xhscdn.com/202606220859/d782dc75fd620af4b6fb56cb4fc9b9b0/1040g2sg321ko9bjh6sfg5o16g29086t6u23d27o!nd_dft_wlteh_webp_3,4096,{},,,,WB_PRV,http://sns-webpic-qc.xhscdn.com/202606220859/18cf2e7c9fc7f2f12a9d1fee7bde4fa5/1040g2sg321ko9bjh6sg05o16g29086t6m3ga8h8!nd_prv_wgth_webp_3,WB_DFT,http://sns-webpic-qc.xhscdn.com/202606220859/3ab09b8bf3e3ea971b05330436fb8f34/1040g2sg321ko9bjh6sg05o16g29086t6m3ga8h8!nd_dft_wgth_webp_3,http://sns-webpic-qc.xhscdn.com/202606220859/18cf2e7c9fc7f2f12a9d1fee7bde4fa5/1040g2sg321ko9bjh6sg05o16g29086t6m3ga8h8!nd_prv_wgth_webp_3,http://sns-webpic-qc.xhscdn.com/202606220859/3ab09b8bf3e3ea971b05330436fb8f34/1040g2sg321ko9bjh6sg05o16g29086t6m3ga8h8!nd_dft_wgth_webp_3,False,3500,61b2e3b8000000001000b65a,滴滴出行客服,ABVvFcK_3c6uLbstEyZA3gSzvcGJZwbTloXRtBuQRSi9Y=,,,,,,
滴滴出租车,https://www.xiaohongshu.com/search_result_ai?keyword=%E6%BB%B4%E6%BB%B4%E5%87%BA%E7%A7%9F%E8%BD%A6&source=web_explore_feed,93,5,综合,不限,一周内,不限,不限,https://www.xiaohongshu.com/search_result_ai?keyword=%E6%BB%B4%E6%BB%B4%E5%87%BA%E7%A7%9F%E8%BD%A6&source=web_explore_feed&type=51,"综合,一周内",,https://www.xiaohongshu.com/search_result/6a37d0fd000000001503c2a6?xsec_token=ABKcpdiNookDSeXJp_XLZsdcJXHWVr21YL0HSYOa8ymNg=&xsec_source=,6a37d0fd000000001503c2a6,,滴滴处理问题的效率,"等一下
昨天 19:54",,6a37d0fd000000001503c2a6,note,6a37d0fd000000001503c2a6,normal,滴滴处理问题的效率,https://sns-avatar-qc.xhscdn.com/avatar/5893a8c65e87e776d67b0d10.jpg,AB6HDBtHqJS2coCmBtg6sujtUeKBuVRqtMAgGupPjcEjo=,5893a8c65e87e776d67b0d10,等一下,[],四川,"要避雷滴滴吗？滴滴处理问题的第三天
18号通过滴滴打了出租车，司机未经我允许拼了3个人（这3个人按人头收费），因为拼车（其中一人体型偏大），我不得不挤得无法动弹，因时间比较紧，我不得不坐了出租车，我全程按出租车价格计费。
1、18号晚上在滴滴APP上反映了该问题，然后核实后给我解决方案。
2、19号核实后最后给我的是补我5元差价，然后处罚司机。我不认可该方案，我认为我付了全价，而且是4个人坐，本来就侵犯了我单独坐车的权益，我只要求按4人分摊费用。本来总金额不高，补了5元差价， 本来也没多少钱，我也只是想看下滴滴处理问题的态度，这次也是被 气笑了。然后我打电话过去表达不认可，然后说要向上级反应，说48小时回复
3、20号人工打电话回复了，回复的内容是没得处理结果，处理不了，然后又说要向上级反应。居然也是处理方案。
4、21号人工打电话过来，问是否方便接听电话，我说方便，然后对方说不方便吗？然后就挂了。
不知道大家遇到过这种问题没？难道真的要打12328投诉？
#滴滴[话题]# #维护自身权益[话题]# #避雷滴滴[话题]# #滴滴客服[话题]# #滴滴客服听不懂人话[话题]#",8,1,False,none,False,2,False,,,,WB_PRV,http://sns-webpic-qc.xhscdn.com/202606220900/8c1a937734edc866681a384847ef2a04/spectrum/1040g0k0321m5n8eo7200493e0hkcc38g603orlg!nd_prv_wlteh_webp_3,WB_DFT,http://sns-webpic-qc.xhscdn.com/202606220900/fb9d6da0ee0aa5428c8007a987a940e5/spectrum/1040g0k0321m5n8eo7200493e0hkcc38g603orlg!nd_dft_wlteh_webp_3,http://sns-webpic-qc.xhscdn.com/202606220900/8c1a937734edc866681a384847ef2a04/spectrum/1040g0k0321m5n8eo7200493e0hkcc38g603orlg!nd_prv_wlteh_webp_3,http://sns-webpic-qc.xhscdn.com/202606220900/fb9d6da0ee0aa5428c8007a987a940e5/spectrum/1040g0k0321m5n8eo7200493e0hkcc38g603orlg!nd_dft_wlteh_webp_3,{},False,,2556,1179,,1782042878000,1782042878000,False,1782090010456,"{""cursor_score"":"""",""items"":[{""id"":""6a37d0fd000000001503c2a6"",""model_type"":""note"",""note_card"":{""interact_info"":{""followed"":false,""relation"":""none"",""liked"":false,""liked_count"":""2"",""collected"":false,""collected_count"":"""",""comment_count"":""8"",""share_count"":""1""},""at_user_list"":[],""last_update_time"":1782042878000,""share_info"":{""un_share"":false},""user"":{""xsec_token"":""AB6HDBtHqJS2coCmBtg6sujtUeKBuVRqtMAgGupPjcEjo="",""user_id"":""5893a8c65e87e776d67b0d10"",""nickname"":""等一下"",""avatar"":""https://sns-avatar-qc.xhscdn.com/avatar/5893a8c65e87e776d67b0d10.jpg""},""image_list"":[{""file_id"":"""",""stream"":{},""url_default"":""http://sns-webpic-qc.xhscdn.com/202606220900/fb9d6da0ee0aa5428c8007a987a940e5/spectrum/1040g0k0321m5n8eo7200493e0hkcc38g603orlg!nd_dft_wlteh_webp_3"",""live_photo"":false,""height"":2556,""width"":1179,""url"":"""",""trace_id"":"""",""info_list"":[{""image_scene"":""WB_PRV"",""url"":""http://sns-webpic-qc.xhscdn.com/202606220900/8c1a937734edc866681a384847ef2a04/spectrum/1040g0k0321m5n8eo7200493e0hkcc38g603orlg!nd_prv_wlteh_webp_3""},{""image_scene"":""WB_DFT"",""url"":""http://sns-webpic-qc.xhscdn.com/202606220900/fb9d6da0ee0aa5428c8007a987a940e5/spectrum/1040g0k0321m5n8eo7200493e0hkcc38g603orlg!nd_dft_wlteh_webp_3""}],""url_pre"":""http://sns-webpic-qc.xhscdn.com/202606220900/8c1a937734edc866681a384847ef2a04/spectrum/1040g0k0321m5n8eo7200493e0hkcc38g603orlg!nd_prv_wlteh_webp_3""},{""stream"":{},""live_photo"":false,""file_id"":"""",""width"":1170,""url"":"""",""url_default"":""http://sns-webpic-qc.xhscdn.com/202606220900/1b92ef9500f461feedbb6df1e140e13c/spectrum/1040g34o321m6folbms0g493e0hkcc38g0j3j2m8!nd_dft_wlteh_webp_3"",""height"":2532,""trace_id"":"""",""info_list"":[{""image_scene"":""WB_PRV"",""url"":""http://sns-webpic-qc.xhscdn.com/202606220900/9b3cdb6d9bb0dcecc30febf37ee92b02/spectrum/1040g34o321m6folbms0g493e0hkcc38g0j3j2m8!nd_prv_wlteh_webp_3""},{""image_scene"":""WB_DFT"",""url"":""http://sns-webpic-qc.xhscdn.com/202606220900/1b92ef9500f461feedbb6df1e140e13c/spectrum/1040g34o321m6folbms0g493e0hkcc38g0j3j2m8!nd_dft_wlteh_webp_3""}],""url_pre"":""http://sns-webpic-qc.xhscdn.com/202606220900/9b3cdb6d9bb0dcecc30febf37ee92b02/spectrum/1040g34o321m6folbms0g493e0hkcc38g0j3j2m8!nd_prv_wlteh_webp_3""},{""stream"":{},""live_photo"":false,""trace_id"":"""",""info_list"":[{""image_scene"":""WB_PRV"",""url"":""http://sns-webpic-qc.xhscdn.com/202606220900/9f67f2de6131aecd866fa90fb94fb0d0/spectrum/1040g0k0321m6es8ams00493e0hkcc38guadqcj8!nd_prv_wlteh_webp_3""},{""url"":""http://sns-webpic-qc.xhscdn.com/202606220900/434301e27e086fecee903d8d3b482eb2/spectrum/1040g0k0321m6es8ams00493e0hkcc38guadqcj8!nd_dft_wlteh_webp_3"",""image_scene"":""WB_DFT""}],""url_pre"":""http://sns-webpic-qc.xhscdn.com/202606220900/9f67f2de6131aecd866fa90fb94fb0d0/spectrum/1040g0k0321m6es8ams00493e0hkcc38guadqcj8!nd_prv_wlteh_webp_3"",""url_default"":""http://sns-webpic-qc.xhscdn.com/202606220900/434301e27e086fecee903d8d3b482eb2/spectrum/1040g0k0321m6es8ams00493e0hkcc38guadqcj8!nd_dft_wlteh_webp_3"",""file_id"":"""",""height"":2532,""width"":1170,""url"":""""},{""height"":2532,""url"":"""",""trace_id"":"""",""url_pre"":""http://sns-webpic-qc.xhscdn.com/202606220900/d212667138c660be25cabd64d62f5867/spectrum/1040g0k0321m6es8ams0g493e0hkcc38gv4mvhi0!nd_prv_wlteh_webp_3"",""live_photo"":false,""file_id"":"""",""width"":1170,""info_list"":[{""image_scene"":""WB_PRV"",""url"":""http://sns-webpic-qc.xhscdn.com/202606220900/d212667138c660be25cabd64d62f5867/spectrum/1040g0k0321m6es8ams0g493e0hkcc38gv4mvhi0!nd_prv_wlteh_webp_3""},{""image_scene"":""WB_DFT"",""url"":""http://sns-webpic-qc.xhscdn.com/202606220900/e6194a0765af9428d22287b6cc6404cb/spectrum/1040g0k0321m6es8ams0g493e0hkcc38gv4mvhi0!nd_dft_wlteh_webp_3""}],""url_default"":""http://sns-webpic-qc.xhscdn.com/202606220900/e6194a0765af9428d22287b6cc6404cb/spectrum/1040g0k0321m6es8ams0g493e0hkcc38gv4mvhi0!nd_dft_wlteh_webp_3"",""stream"":{}},{""url_pre"":""http://sns-webpic-qc.xhscdn.com/202606220900/b80aeecc854f7d93cbf9f4cc1f4dc2bd/spectrum/1040g0k0321m6es8ams10493e0hkcc38gu7p7rq8!nd_prv_wlteh_webp_3"",""live_photo"":false,""url_default"":""http://sns-webpic-qc.xhscdn.com/202606220900/1ff2e3f143f7d7474a4f453ed677f541/spectrum/1040g0k0321m6es8ams10493e0hkcc38gu7p7rq8!nd_dft_wlteh_webp_3"",""stream"":{},""file_id"":"""",""height"":2532,""width"":1170,""url"":"""",""trace_id"":"""",""info_list"":[{""image_scene"":""WB_PRV"",""url"":""http://sns-webpic-qc.xhscdn.com/202606220900/b80aeecc854f7d93cbf9f4cc1f4dc2bd/spectrum/1040g0k0321m6es8ams10493e0hkcc38gu7p7rq8!nd_prv_wlteh_webp_3""},{""image_scene"":""WB_DFT"",""url"":""http://sns-webpic-qc.xhscdn.com/202606220900/1ff2e3f143f7d7474a4f453ed677f541/spectrum/1040g0k0321m6es8ams10493e0hkcc38gu7p7rq8!nd_dft_wlteh_webp_3""}]},{""file_id"":"""",""height"":1892,""url"":"""",""url_pre"":""http://sns-webpic-qc.xhscdn.com/202606220900/d97a2f9fbe01f4740c33ce2bd7f1f553/spectrum/1040g0k0321m6es8ams1g493e0hkcc38g9n3oqao!nd_prv_wlteh_webp_3"",""live_photo"":false,""width"":1170,""trace_id"":"""",""info_list"":[{""image_scene"":""WB_PRV"",""url"":""http://sns-webpic-qc.xhscdn.com/202606220900/d97a2f9fbe01f4740c33ce2bd7f1f553/spectrum/1040g0k0321m6es8ams1g493e0hkcc38g9n3oqao!nd_prv_wlteh_webp_3""},{""image_scene"":""WB_DFT"",""url"":""http://sns-webpic-qc.xhscdn.com/202606220900/d6ba755c244b435c2e41db1b4bfce3df/spectrum/1040g0k0321m6es8ams1g493e0hkcc38g9n3oqao!nd_dft_wlteh_webp_3""}],""url_default"":""http://sns-webpic-qc.xhscdn.com/202606220900/d6ba755c244b435c2e41db1b4bfce3df/spectrum/1040g0k0321m6es8ams1g493e0hkcc38g9n3oqao!nd_dft_wlteh_webp_3"",""stream"":{}}],""time"":1782042878000,""illegal_info"":{""desc"":""可能含AI生成内容"",""left_icon"":""https://picasso-static.xiaohongshu.com/fe-platfrom/bc740cc162107169b504c4c1e5ee35f92eaa8456.png"",""link"":""xhsdiscover://rn/kuri/noteStickers?background_transparent_v2=true&needNewRootNavigation=true&noteId=6a37d0fd000000001503c2a6""},""type"":""normal"",""title"":""滴滴处理问题的效率"",""ip_location"":""四川"",""note_id"":""6a37d0fd000000001503c2a6"",""desc"":""要避雷滴滴吗？滴滴处理问题的第三天\n18号通过滴滴打了出租车，司机未经我允许拼了3个人（这3个人按人头收费），因为拼车（其中一人体型偏大），我不得不挤得无法动弹，因时间比较紧，我不得不坐了出租车，我全程按出租车价格计费。\n1、18号晚上在滴滴APP上反映了该问题，然后核实后给我解决方案。\n2、19号核实后最后给我的是补我5元差价，然后处罚司机。我不认可该方案，我认为我付了全价，而且是4个人坐，本来就侵犯了我单独坐车的权益，我只要求按4人分摊费用。本来总金额不高，补了5元差价， 本来也没多少钱，我也只是想看下滴滴处理问题的态度，这次也是被 气笑了。然后我打电话过去表达不认可，然后说要向上级反应，说48小时回复\n3、20号人工打电话回复了，回复的内容是没得处理结果，处理不了，然后又说要向上级反应。居然也是处理方案。\n4、21号人工打电话过来，问是否方便接听电话，我说方便，然后对方说不方便吗？然后就挂了。\n不知道大家遇到过这种问题没？难道真的要打12328投诉？\n#滴滴[话题]# #维护自身权益[话题]# #避雷滴滴[话题]# #滴滴客服[话题]# #滴滴客服听不懂人话[话题]#"",""tag_list"":[{""id"":""5c0406f17c10ee00012f1d55"",""name"":""滴滴"",""type"":""topic""},{""id"":""6355b9c200000000010059ae"",""name"":""维护自身权益"",""type"":""topic""},{""id"":""651ce69c000000000e001cfd"",""name"":""避雷滴滴"",""type"":""topic""},{""name"":""滴滴客服"",""type"":""topic"",""id"":""6183beb00000000001005e9c""},{""id"":""66a717de000000002302f673"",""name"":""滴滴客服听不懂人话"",""type"":""topic""}]}}],""current_time"":1782090010456}",2532,,,1170,,WB_PRV,http://sns-webpic-qc.xhscdn.com/202606220900/9b3cdb6d9bb0dcecc30febf37ee92b02/spectrum/1040g34o321m6folbms0g493e0hkcc38g0j3j2m8!nd_prv_wlteh_webp_3,http://sns-webpic-qc.xhscdn.com/202606220900/1b92ef9500f461feedbb6df1e140e13c/spectrum/1040g34o321m6folbms0g493e0hkcc38g0j3j2m8!nd_dft_wlteh_webp_3,WB_DFT,http://sns-webpic-qc.xhscdn.com/202606220900/9b3cdb6d9bb0dcecc30febf37ee92b02/spectrum/1040g34o321m6folbms0g493e0hkcc38g0j3j2m8!nd_prv_wlteh_webp_3,http://sns-webpic-qc.xhscdn.com/202606220900/1b92ef9500f461feedbb6df1e140e13c/spectrum/1040g34o321m6folbms0g493e0hkcc38g0j3j2m8!nd_dft_wlteh_webp_3,{},False,滴滴,topic,5c0406f17c10ee00012f1d55,6355b9c200000000010059ae,维护自身权益,topic,topic,651ce69c000000000e001cfd,避雷滴滴,topic,6183beb00000000001005e9c,滴滴客服,66a717de000000002302f673,滴滴客服听不懂人话,topic,,,,,,,,,,,,,1170,,http://sns-webpic-qc.xhscdn.com/202606220900/434301e27e086fecee903d8d3b482eb2/spectrum/1040g0k0321m6es8ams00493e0hkcc38guadqcj8!nd_dft_wlteh_webp_3,{},,2532,,WB_PRV,http://sns-webpic-qc.xhscdn.com/202606220900/9f67f2de6131aecd866fa90fb94fb0d0/spectrum/1040g0k0321m6es8ams00493e0hkcc38guadqcj8!nd_prv_wlteh_webp_3,WB_DFT,http://sns-webpic-qc.xhscdn.com/202606220900/434301e27e086fecee903d8d3b482eb2/spectrum/1040g0k0321m6es8ams00493e0hkcc38guadqcj8!nd_dft_wlteh_webp_3,http://sns-webpic-qc.xhscdn.com/202606220900/9f67f2de6131aecd866fa90fb94fb0d0/spectrum/1040g0k0321m6es8ams00493e0hkcc38guadqcj8!nd_prv_wlteh_webp_3,False,http://sns-webpic-qc.xhscdn.com/202606220900/e6194a0765af9428d22287b6cc6404cb/spectrum/1040g0k0321m6es8ams0g493e0hkcc38gv4mvhi0!nd_dft_wlteh_webp_3,2532,1170,,WB_PRV,http://sns-webpic-qc.xhscdn.com/202606220900/d212667138c660be25cabd64d62f5867/spectrum/1040g0k0321m6es8ams0g493e0hkcc38gv4mvhi0!nd_prv_wlteh_webp_3,WB_DFT,http://sns-webpic-qc.xhscdn.com/202606220900/e6194a0765af9428d22287b6cc6404cb/spectrum/1040g0k0321m6es8ams0g493e0hkcc38gv4mvhi0!nd_dft_wlteh_webp_3,False,,,http://sns-webpic-qc.xhscdn.com/202606220900/d212667138c660be25cabd64d62f5867/spectrum/1040g0k0321m6es8ams0g493e0hkcc38gv4mvhi0!nd_prv_wlteh_webp_3,{},1170,,,WB_PRV,http://sns-webpic-qc.xhscdn.com/202606220900/b80aeecc854f7d93cbf9f4cc1f4dc2bd/spectrum/1040g0k0321m6es8ams10493e0hkcc38gu7p7rq8!nd_prv_wlteh_webp_3,WB_DFT,http://sns-webpic-qc.xhscdn.com/202606220900/1ff2e3f143f7d7474a4f453ed677f541/spectrum/1040g0k0321m6es8ams10493e0hkcc38gu7p7rq8!nd_dft_wlteh_webp_3,{},False,,2532,http://sns-webpic-qc.xhscdn.com/202606220900/b80aeecc854f7d93cbf9f4cc1f4dc2bd/spectrum/1040g0k0321m6es8ams10493e0hkcc38gu7p7rq8!nd_prv_wlteh_webp_3,http://sns-webpic-qc.xhscdn.com/202606220900/1ff2e3f143f7d7474a4f453ed677f541/spectrum/1040g0k0321m6es8ams10493e0hkcc38gu7p7rq8!nd_dft_wlteh_webp_3,1170,{},,,,WB_PRV,http://sns-webpic-qc.xhscdn.com/202606220900/d97a2f9fbe01f4740c33ce2bd7f1f553/spectrum/1040g0k0321m6es8ams1g493e0hkcc38g9n3oqao!nd_prv_wlteh_webp_3,WB_DFT,http://sns-webpic-qc.xhscdn.com/202606220900/d6ba755c244b435c2e41db1b4bfce3df/spectrum/1040g0k0321m6es8ams1g493e0hkcc38g9n3oqao!nd_dft_wlteh_webp_3,http://sns-webpic-qc.xhscdn.com/202606220900/d97a2f9fbe01f4740c33ce2bd7f1f553/spectrum/1040g0k0321m6es8ams1g493e0hkcc38g9n3oqao!nd_prv_wlteh_webp_3,http://sns-webpic-qc.xhscdn.com/202606220900/d6ba755c244b435c2e41db1b4bfce3df/spectrum/1040g0k0321m6es8ams1g493e0hkcc38g9n3oqao!nd_dft_wlteh_webp_3,False,1892,,,,可能含AI生成内容,https://picasso-static.xiaohongshu.com/fe-platfrom/bc740cc162107169b504c4c1e5ee35f92eaa8456.png,xhsdiscover://rn/kuri/noteStickers?background_transparent_v2=true&needNewRootNavigation=true&noteId=6a37d0fd000000001503c2a6,,,
滴滴出租车,https://www.xiaohongshu.com/search_result_ai?keyword=%E6%BB%B4%E6%BB%B4%E5%87%BA%E7%A7%9F%E8%BD%A6&source=web_explore_feed,103,6,综合,不限,一周内,不限,不限,https://www.xiaohongshu.com/search_result_ai?keyword=%E6%BB%B4%E6%BB%B4%E5%87%BA%E7%A7%9F%E8%BD%A6&source=web_explore_feed&type=51,"综合,一周内",,https://www.xiaohongshu.com/search_result/6a38058b000000001603d96a?xsec_token=AB3GSgF2qbbvhx0j9Na6l8VMtAdPz-cbc6dLfQtBgGf5k=&xsec_source=,6a38058b000000001603d96a,,特别注意：这些情况要避开,"全国实体~餐饮，酒店，汽油
昨天 23:38",,6a38058b000000001603d96a,note,6a38058b000000001603d96a,normal,特别注意：这些情况要避开,https://sns-avatar-qc.xhscdn.com/avatar/1040g2jo31qbmu6oe7u005q1ckk9ji7s56vs65to,ABF7J_0XMm8Rmq4RWbAkvoYKyHmw2CNkQnnDDs2Bbi1-A=,682ca513000000000e011f85,全国实体~餐饮，酒店，汽油,[],广东,"出租车订单：​​ 通过滴滴平台叫到的出租车，是无法开具电子发票的，只能向司机索要纸质发票。如果公司不报销纸质票，建议优先选择快车、专车等网约车服务。#滴滴出行[话题]#
​​充值发票：​​ 给滴滴账户充值时开具的“ 不征税”发票 ，是不能用于报销抵扣的。
​​报销凭证：​​ 有些公司报销时，除了电子发票，还要求提供行程单和 发票真伪查询结果 ，建议提前和公司财务确认清楚，避免遗漏。#发票报销[话题]# #全电发票[话题]#",,,False,none,False,,False,,,,WB_PRV,http://sns-webpic-qc.xhscdn.com/202606220900/048f24d5c7c078a5ca7e56f958a99e19/1040g2sg321mcplc97k0g5q1ckk9ji7s5eflr668!nd_prv_wgth_webp_3,WB_DFT,http://sns-webpic-qc.xhscdn.com/202606220900/c1d31c475308ad8c0ca0c343c96b5046/1040g2sg321mcplc97k0g5q1ckk9ji7s5eflr668!nd_dft_wgth_webp_3,http://sns-webpic-qc.xhscdn.com/202606220900/048f24d5c7c078a5ca7e56f958a99e19/1040g2sg321mcplc97k0g5q1ckk9ji7s5eflr668!nd_prv_wgth_webp_3,http://sns-webpic-qc.xhscdn.com/202606220900/c1d31c475308ad8c0ca0c343c96b5046/1040g2sg321mcplc97k0g5q1ckk9ji7s5eflr668!nd_dft_wgth_webp_3,{},False,,1264,1920,,1782056331000,1782056332000,False,1782090040536,"{""cursor_score"":"""",""items"":[{""id"":""6a38058b000000001603d96a"",""model_type"":""note"",""note_card"":{""ip_location"":""广东"",""note_id"":""6a38058b000000001603d96a"",""title"":""特别注意：这些情况要避开"",""tag_list"":[{""id"":""5c98635a000000000d03fb1d"",""name"":""滴滴出行"",""type"":""topic""},{""type"":""topic"",""id"":""5d7615e6000000000101c4dd"",""name"":""发票报销""},{""id"":""61b2d8ce00000000010089a6"",""name"":""全电发票"",""type"":""topic""}],""at_user_list"":[],""time"":1782056331000,""last_update_time"":1782056332000,""type"":""normal"",""desc"":""出租车订单：​​ 通过滴滴平台叫到的出租车，是无法开具电子发票的，只能向司机索要纸质发票。如果公司不报销纸质票，建议优先选择快车、专车等网约车服务。#滴滴出行[话题]#\n​​充值发票：​​ 给滴滴账户充值时开具的“ 不征税”发票 ，是不能用于报销抵扣的。\n​​报销凭证：​​ 有些公司报销时，除了电子发票，还要求提供行程单和 发票真伪查询结果 ，建议提前和公司财务确认清楚，避免遗漏。#发票报销[话题]# #全电发票[话题]#"",""user"":{""user_id"":""682ca513000000000e011f85"",""nickname"":""全国实体~餐饮，酒店，汽油"",""avatar"":""https://sns-avatar-qc.xhscdn.com/avatar/1040g2jo31qbmu6oe7u005q1ckk9ji7s56vs65to"",""xsec_token"":""ABF7J_0XMm8Rmq4RWbAkvoYKyHmw2CNkQnnDDs2Bbi1-A=""},""interact_info"":{""followed"":false,""relation"":""none"",""liked"":false,""liked_count"":"""",""collected"":false,""collected_count"":"""",""comment_count"":"""",""share_count"":""""},""image_list"":[{""url_default"":""http://sns-webpic-qc.xhscdn.com/202606220900/c1d31c475308ad8c0ca0c343c96b5046/1040g2sg321mcplc97k0g5q1ckk9ji7s5eflr668!nd_dft_wgth_webp_3"",""live_photo"":false,""width"":1920,""trace_id"":"""",""url"":"""",""info_list"":[{""image_scene"":""WB_PRV"",""url"":""http://sns-webpic-qc.xhscdn.com/202606220900/048f24d5c7c078a5ca7e56f958a99e19/1040g2sg321mcplc97k0g5q1ckk9ji7s5eflr668!nd_prv_wgth_webp_3""},{""image_scene"":""WB_DFT"",""url"":""http://sns-webpic-qc.xhscdn.com/202606220900/c1d31c475308ad8c0ca0c343c96b5046/1040g2sg321mcplc97k0g5q1ckk9ji7s5eflr668!nd_dft_wgth_webp_3""}],""url_pre"":""http://sns-webpic-qc.xhscdn.com/202606220900/048f24d5c7c078a5ca7e56f958a99e19/1040g2sg321mcplc97k0g5q1ckk9ji7s5eflr668!nd_prv_wgth_webp_3"",""stream"":{},""file_id"":"""",""height"":1264},{""url_default"":""http://sns-webpic-qc.xhscdn.com/202606220900/422de62ca6fa6751829cd5e2e7ec3d05/1040g2sg321mcplc97k105q1ckk9ji7s5ld5ah6g!nd_dft_wgth_webp_3"",""stream"":{},""url"":"""",""trace_id"":"""",""width"":1667,""info_list"":[{""image_scene"":""WB_PRV"",""url"":""http://sns-webpic-qc.xhscdn.com/202606220900/c6b74314f4180379f8557088be26a126/1040g2sg321mcplc97k105q1ckk9ji7s5ld5ah6g!nd_prv_wgth_webp_3""},{""image_scene"":""WB_DFT"",""url"":""http://sns-webpic-qc.xhscdn.com/202606220900/422de62ca6fa6751829cd5e2e7ec3d05/1040g2sg321mcplc97k105q1ckk9ji7s5ld5ah6g!nd_dft_wgth_webp_3""}],""url_pre"":""http://sns-webpic-qc.xhscdn.com/202606220900/c6b74314f4180379f8557088be26a126/1040g2sg321mcplc97k105q1ckk9ji7s5ld5ah6g!nd_prv_wgth_webp_3"",""live_photo"":false,""file_id"":"""",""height"":1250}],""share_info"":{""un_share"":false}}}],""current_time"":1782090040536}",1250,,,1667,,WB_PRV,http://sns-webpic-qc.xhscdn.com/202606220900/c6b74314f4180379f8557088be26a126/1040g2sg321mcplc97k105q1ckk9ji7s5ld5ah6g!nd_prv_wgth_webp_3,http://sns-webpic-qc.xhscdn.com/202606220900/422de62ca6fa6751829cd5e2e7ec3d05/1040g2sg321mcplc97k105q1ckk9ji7s5ld5ah6g!nd_dft_wgth_webp_3,WB_DFT,http://sns-webpic-qc.xhscdn.com/202606220900/c6b74314f4180379f8557088be26a126/1040g2sg321mcplc97k105q1ckk9ji7s5ld5ah6g!nd_prv_wgth_webp_3,http://sns-webpic-qc.xhscdn.com/202606220900/422de62ca6fa6751829cd5e2e7ec3d05/1040g2sg321mcplc97k105q1ckk9ji7s5ld5ah6g!nd_dft_wgth_webp_3,{},False,滴滴出行,topic,5c98635a000000000d03fb1d,5d7615e6000000000101c4dd,发票报销,topic,topic,61b2d8ce00000000010089a6,全电发票,,,,,,,,,,,,,,,,,,,,,,,,,,,,,,,,,,,,,,,,,,,,,,,,,,,,,,,,,,,,,,,,,,,,,,,,,,,,,,,
滴滴出租车,https://www.xiaohongshu.com/search_result_ai?keyword=%E6%BB%B4%E6%BB%B4%E5%87%BA%E7%A7%9F%E8%BD%A6&source=web_explore_feed,105,7,综合,不限,一周内,不限,不限,https://www.xiaohongshu.com/search_result_ai?keyword=%E6%BB%B4%E6%BB%B4%E5%87%BA%E7%A7%9F%E8%BD%A6&source=web_explore_feed&type=51,"综合,一周内",,https://www.xiaohongshu.com/search_result/6a2fdf3d00000000060334e5?xsec_token=ABhGbQODwEeSju5NLYBKEUKlf7d8buGdvVz5jQbADRxs4=&xsec_source=,6a2fdf3d00000000060334e5,,这就是滴滴吗 关门不让乘客进 说乘客穷,"被滴滴司机骂穷
6天前",,6a2fdf3d00000000060334e5,note,6a2fdf3d00000000060334e5,normal,这就是滴滴吗 关门不让乘客进 说乘客穷,https://sns-avatar-qc.xhscdn.com/avatar/1040g2jo321eeirs5nk005p7cvss08ugg9ohau08,ABO9l2Wqa_r5hKq81EtgOTmJ8TYN_4R0yP-ZQozJfVQWc=,64ecff380000000001007a10,被滴滴司机骂穷,[],安徽,#网约车[话题]# #滴滴出行[话题]# 我打车 有勾选 接了特惠 六分钟到达 十分钟到 这就没有什么了 然后停的特别远 下车说不去    我说为什么不去 司机说特惠就不去 是不是穷后面那个字不知道能不能打出来 然后我说那你取消啊 为什么要接 最后司机来了一句 五分钟我取消  第一次见把人关车门口的是不是看我是女孩子就这样欺负人 那么多年第一次见！,36,1,False,none,False,6,False,,,,WB_PRV,http://sns-webpic-qc.xhscdn.com/202606220900/09975d4de503a6759635817f45deddd0/1040g2sg321ee1dg3nue05p7cvss08ugg44la3to!nd_prv_wlteh_webp_3,WB_DFT,http://sns-webpic-qc.xhscdn.com/202606220900/658d2bec80b512eee2268fe63c5c7db2/1040g2sg321ee1dg3nue05p7cvss08ugg44la3to!nd_dft_wlteh_webp_3,http://sns-webpic-qc.xhscdn.com/202606220900/09975d4de503a6759635817f45deddd0/1040g2sg321ee1dg3nue05p7cvss08ugg44la3to!nd_prv_wlteh_webp_3,http://sns-webpic-qc.xhscdn.com/202606220900/658d2bec80b512eee2268fe63c5c7db2/1040g2sg321ee1dg3nue05p7cvss08ugg44la3to!nd_dft_wlteh_webp_3,{},False,,2280,1712,,1781522237000,1781522237000,False,1782090046582,"{""cursor_score"":"""",""items"":[{""id"":""6a2fdf3d00000000060334e5"",""model_type"":""note"",""note_card"":{""interact_info"":{""share_count"":""1"",""followed"":false,""relation"":""none"",""liked"":false,""liked_count"":""6"",""collected"":false,""collected_count"":"""",""comment_count"":""36""},""image_list"":[{""width"":1712,""url"":"""",""info_list"":[{""image_scene"":""WB_PRV"",""url"":""http://sns-webpic-qc.xhscdn.com/202606220900/09975d4de503a6759635817f45deddd0/1040g2sg321ee1dg3nue05p7cvss08ugg44la3to!nd_prv_wlteh_webp_3""},{""image_scene"":""WB_DFT"",""url"":""http://sns-webpic-qc.xhscdn.com/202606220900/658d2bec80b512eee2268fe63c5c7db2/1040g2sg321ee1dg3nue05p7cvss08ugg44la3to!nd_dft_wlteh_webp_3""}],""url_pre"":""http://sns-webpic-qc.xhscdn.com/202606220900/09975d4de503a6759635817f45deddd0/1040g2sg321ee1dg3nue05p7cvss08ugg44la3to!nd_prv_wlteh_webp_3"",""file_id"":"""",""trace_id"":"""",""url_default"":""http://sns-webpic-qc.xhscdn.com/202606220900/658d2bec80b512eee2268fe63c5c7db2/1040g2sg321ee1dg3nue05p7cvss08ugg44la3to!nd_dft_wlteh_webp_3"",""stream"":{},""live_photo"":false,""height"":2280}],""time"":1781522237000,""last_update_time"":1781522237000,""ip_location"":""安徽"",""note_id"":""6a2fdf3d00000000060334e5"",""type"":""normal"",""title"":""这就是滴滴吗 关门不让乘客进 说乘客穷"",""at_user_list"":[],""share_info"":{""un_share"":false},""desc"":""#网约车[话题]# #滴滴出行[话题]# 我打车 有勾选 接了特惠 六分钟到达 十分钟到 这就没有什么了 然后停的特别远 下车说不去    我说为什么不去 司机说特惠就不去 是不是穷后面那个字不知道能不能打出来 然后我说那你取消啊 为什么要接 最后司机来了一句 五分钟我取消  第一次见把人关车门口的是不是看我是女孩子就这样欺负人 那么多年第一次见！"",""user"":{""user_id"":""64ecff380000000001007a10"",""nickname"":""被滴滴司机骂穷"",""avatar"":""https://sns-avatar-qc.xhscdn.com/avatar/1040g2jo321eeirs5nk005p7cvss08ugg9ohau08"",""xsec_token"":""ABO9l2Wqa_r5hKq81EtgOTmJ8TYN_4R0yP-ZQozJfVQWc=""},""tag_list"":[{""id"":""5c3584bf000000000f0038bc"",""name"":""网约车"",""type"":""topic""},{""id"":""5c98635a000000000d03fb1d"",""name"":""滴滴出行"",""type"":""topic""}]}}],""current_time"":1782090046582}",,,,,,,,,,,,,,网约车,topic,5c3584bf000000000f0038bc,5c98635a000000000d03fb1d,滴滴出行,topic,,,,,,,,,,,,,,,,,,,,,,,,,,,,,,,,,,,,,,,,,,,,,,,,,,,,,,,,,,,,,,,,,,,,,,,,,,,,,,,,,,
滴滴出租车,https://www.xiaohongshu.com/search_result_ai?keyword=%E6%BB%B4%E6%BB%B4%E5%87%BA%E7%A7%9F%E8%BD%A6&source=web_explore_feed,114,8,综合,不限,一周内,不限,不限,https://www.xiaohongshu.com/search_result_ai?keyword=%E6%BB%B4%E6%BB%B4%E5%87%BA%E7%A7%9F%E8%BD%A6&source=web_explore_feed&type=51,"综合,一周内",,https://www.xiaohongshu.com/search_result/6a387788000000001c026050?xsec_token=AB3GSgF2qbbvhx0j9Na6l8VCbszAGwV4FojqtHWmTaPV0=&xsec_source=,6a387788000000001c026050,,友提：部分滴滴司机会将停车费加到车价中,"jack
1小时前",,6a387788000000001c026050,note,6a387788000000001c026050,normal,友提：部分滴滴司机会将停车费加到车价中,https://sns-avatar-qc.xhscdn.com/avatar/645b6b2504c28aa15eab1dac.jpg,ABl21UUBtvgMcVCWeZJOXTAS0L42cF5av-PeWEF742Goo=,6996a9a3000000001c037042,jack,[],北京,大家注意避雷，即使你的车价是一口价，他们也会将停车费加到“其他无法预估费用”中去，这种情况在火车站和机场订单中最为普遍，希望大家擦亮眼睛核实！！该举报举报，该投诉投诉，让这些无良黑心司机无所遁形#出租车[话题]# #网约车[话题]# #滴滴[话题]# #滴滴出行[话题]# #滴滴司机[话题]# #无良商家[话题]#,4,3,False,none,False,3,False,1,,,WB_PRV,http://sns-webpic-qc.xhscdn.com/202606220901/1ebf31a928cffc48d3701e77af635531/1040g008321mqn2ok7o6g5qcml6hn6s22ra7p6ao!nd_prv_wlteh_webp_3,WB_DFT,http://sns-webpic-qc.xhscdn.com/202606220901/792311c086db78011ba432f10aa29c32/1040g008321mqn2ok7o6g5qcml6hn6s22ra7p6ao!nd_dft_wlteh_webp_3,http://sns-webpic-qc.xhscdn.com/202606220901/1ebf31a928cffc48d3701e77af635531/1040g008321mqn2ok7o6g5qcml6hn6s22ra7p6ao!nd_prv_wlteh_webp_3,http://sns-webpic-qc.xhscdn.com/202606220901/792311c086db78011ba432f10aa29c32/1040g008321mqn2ok7o6g5qcml6hn6s22ra7p6ao!nd_dft_wlteh_webp_3,{},False,,2640,1080,,1782085512000,1782085512000,False,1782090073652,"{""cursor_score"":"""",""items"":[{""id"":""6a387788000000001c026050"",""model_type"":""note"",""note_card"":{""type"":""normal"",""title"":""友提：部分滴滴司机会将停车费加到车价中"",""desc"":""大家注意避雷，即使你的车价是一口价，他们也会将停车费加到“其他无法预估费用”中去，这种情况在火车站和机场订单中最为普遍，希望大家擦亮眼睛核实！！该举报举报，该投诉投诉，让这些无良黑心司机无所遁形#出租车[话题]# #网约车[话题]# #滴滴[话题]# #滴滴出行[话题]# #滴滴司机[话题]# #无良商家[话题]#"",""interact_info"":{""liked"":false,""liked_count"":""3"",""collected"":false,""collected_count"":""1"",""comment_count"":""4"",""share_count"":""3"",""followed"":false,""relation"":""none""},""image_list"":[{""file_id"":"""",""url"":"""",""stream"":{},""height"":2640,""width"":1080,""trace_id"":"""",""info_list"":[{""image_scene"":""WB_PRV"",""url"":""http://sns-webpic-qc.xhscdn.com/202606220901/1ebf31a928cffc48d3701e77af635531/1040g008321mqn2ok7o6g5qcml6hn6s22ra7p6ao!nd_prv_wlteh_webp_3""},{""image_scene"":""WB_DFT"",""url"":""http://sns-webpic-qc.xhscdn.com/202606220901/792311c086db78011ba432f10aa29c32/1040g008321mqn2ok7o6g5qcml6hn6s22ra7p6ao!nd_dft_wlteh_webp_3""}],""url_pre"":""http://sns-webpic-qc.xhscdn.com/202606220901/1ebf31a928cffc48d3701e77af635531/1040g008321mqn2ok7o6g5qcml6hn6s22ra7p6ao!nd_prv_wlteh_webp_3"",""url_default"":""http://sns-webpic-qc.xhscdn.com/202606220901/792311c086db78011ba432f10aa29c32/1040g008321mqn2ok7o6g5qcml6hn6s22ra7p6ao!nd_dft_wlteh_webp_3"",""live_photo"":false}],""tag_list"":[{""id"":""5c3c4acd000000000e033fbb"",""name"":""出租车"",""type"":""topic""},{""id"":""5c3584bf000000000f0038bc"",""name"":""网约车"",""type"":""topic""},{""id"":""5c0406f17c10ee00012f1d55"",""name"":""滴滴"",""type"":""topic""},{""id"":""5c98635a000000000d03fb1d"",""name"":""滴滴出行"",""type"":""topic""},{""id"":""5d074e9a000000000e00f319"",""name"":""滴滴司机"",""type"":""topic""},{""id"":""5bea21851cc2b5000143d898"",""name"":""无良商家"",""type"":""topic""}],""last_update_time"":1782085512000,""illegal_info"":{""left_icon"":""https://picasso-static.xiaohongshu.com/fe-platfrom/bc740cc162107169b504c4c1e5ee35f92eaa8456.png"",""link"":""xhsdiscover://rn/kuri/noteStickers?background_transparent_v2=true&needNewRootNavigation=true&noteId=6a387788000000001c026050"",""desc"":""可能含AI生成内容""},""note_id"":""6a387788000000001c026050"",""user"":{""xsec_token"":""ABl21UUBtvgMcVCWeZJOXTAS0L42cF5av-PeWEF742Goo="",""user_id"":""6996a9a3000000001c037042"",""nickname"":""jack"",""avatar"":""https://sns-avatar-qc.xhscdn.com/avatar/645b6b2504c28aa15eab1dac.jpg""},""at_user_list"":[],""ip_location"":""北京"",""share_info"":{""un_share"":false},""time"":1782085512000}}],""current_time"":1782090073652}",,,,,,,,,,,,,,出租车,topic,5c3c4acd000000000e033fbb,5c3584bf000000000f0038bc,网约车,topic,topic,5c0406f17c10ee00012f1d55,滴滴,topic,5c98635a000000000d03fb1d,滴滴出行,5d074e9a000000000e00f319,滴滴司机,topic,5bea21851cc2b5000143d898,无良商家,topic,,,,,,,,,,,,,,,,,,,,,,,,,,,,,,,,,,,,,,,,,,,,,,,,,,,,,,,,,,,,,,,,,可能含AI生成内容,https://picasso-static.xiaohongshu.com/fe-platfrom/bc740cc162107169b504c4c1e5ee35f92eaa8456.png,xhsdiscover://rn/kuri/noteStickers?background_transparent_v2=true&needNewRootNavigation=true&noteId=6a387788000000001c026050,,,
滴滴出租车,https://www.xiaohongshu.com/search_result_ai?keyword=%E6%BB%B4%E6%BB%B4%E5%87%BA%E7%A7%9F%E8%BD%A6&source=web_explore_feed,115,9,综合,不限,一周内,不限,不限,https://www.xiaohongshu.com/search_result_ai?keyword=%E6%BB%B4%E6%BB%B4%E5%87%BA%E7%A7%9F%E8%BD%A6&source=web_explore_feed&type=51,"综合,一周内",,https://www.xiaohongshu.com/search_result/6a3500430000000017008080?xsec_token=ABDd5hG3NhZq6FEnRuAryES7jw78PlXfdMzjvSnr4ePbo=&xsec_source=,6a3500430000000017008080,,避雷滴滴，果断黑名单,"小红薯64E60C72
2天前",,6a3500430000000017008080,note,6a3500430000000017008080,normal,避雷滴滴，果断黑名单,https://sns-avatar-qc.xhscdn.com/avatar/1040g2jo31pad9h8p3c005p75enagaba0tnd4teg,ABHfiYPfZ6q1IoAmcqd9uE52iU1lhD9alzQs0tnvyywYM=,64e575d50000000001012d40,小红薯64E60C72,[],广东,避雷滴滴打车、滴滴出行，打到阳光出行的车，显示1.8公里，我就下楼，下到楼显示司机信号差越走越远6.8公里，下楼等了半个钟，司机来到我打车对面车道了，直接点到达，再直接取消订单，那算我有空等车吗mmp#滴滴[话题]# #滴滴出行[话题]# #阳光出行[话题]# #阳光出行垃圾[话题]#,2,,False,none,False,2,False,,,,WB_PRV,http://sns-webpic-qc.xhscdn.com/202606220901/5ff273528ce937f0563df04f15366ffd/1040g2sg321jefm2u7a005p75enagaba0r7qkd00!nd_prv_wlteh_webp_3,WB_DFT,http://sns-webpic-qc.xhscdn.com/202606220901/cf2f3c54343104412b6fc0514ea17a69/1040g2sg321jefm2u7a005p75enagaba0r7qkd00!nd_dft_wlteh_webp_3,http://sns-webpic-qc.xhscdn.com/202606220901/5ff273528ce937f0563df04f15366ffd/1040g2sg321jefm2u7a005p75enagaba0r7qkd00!nd_prv_wlteh_webp_3,http://sns-webpic-qc.xhscdn.com/202606220901/cf2f3c54343104412b6fc0514ea17a69/1040g2sg321jefm2u7a005p75enagaba0r7qkd00!nd_dft_wlteh_webp_3,{},False,,2780,1284,,1781858371000,1781858875000,False,1782090076643,"{""current_time"":1782090076643,""cursor_score"":"""",""items"":[{""id"":""6a3500430000000017008080"",""model_type"":""note"",""note_card"":{""image_list"":[{""trace_id"":"""",""info_list"":[{""url"":""http://sns-webpic-qc.xhscdn.com/202606220901/5ff273528ce937f0563df04f15366ffd/1040g2sg321jefm2u7a005p75enagaba0r7qkd00!nd_prv_wlteh_webp_3"",""image_scene"":""WB_PRV""},{""image_scene"":""WB_DFT"",""url"":""http://sns-webpic-qc.xhscdn.com/202606220901/cf2f3c54343104412b6fc0514ea17a69/1040g2sg321jefm2u7a005p75enagaba0r7qkd00!nd_dft_wlteh_webp_3""}],""url_default"":""http://sns-webpic-qc.xhscdn.com/202606220901/cf2f3c54343104412b6fc0514ea17a69/1040g2sg321jefm2u7a005p75enagaba0r7qkd00!nd_dft_wlteh_webp_3"",""live_photo"":false,""url_pre"":""http://sns-webpic-qc.xhscdn.com/202606220901/5ff273528ce937f0563df04f15366ffd/1040g2sg321jefm2u7a005p75enagaba0r7qkd00!nd_prv_wlteh_webp_3"",""stream"":{},""file_id"":"""",""height"":2780,""width"":1284,""url"":""""},{""live_photo"":false,""height"":1190,""url"":"""",""trace_id"":"""",""info_list"":[{""image_scene"":""WB_PRV"",""url"":""http://sns-webpic-qc.xhscdn.com/202606220901/90f20c5d1c40cce1d558e6d355c19423/notes_pre_post/1040g3k0321jefm257o005p75enagaba0eeujeag!nd_prv_wgth_webp_3""},{""image_scene"":""WB_DFT"",""url"":""http://sns-webpic-qc.xhscdn.com/202606220901/f1cc866c44f3be9ff08b63ca68d1fbb9/notes_pre_post/1040g3k0321jefm257o005p75enagaba0eeujeag!nd_dft_wgth_webp_3""}],""url_default"":""http://sns-webpic-qc.xhscdn.com/202606220901/f1cc866c44f3be9ff08b63ca68d1fbb9/notes_pre_post/1040g3k0321jefm257o005p75enagaba0eeujeag!nd_dft_wgth_webp_3"",""file_id"":"""",""width"":1284,""url_pre"":""http://sns-webpic-qc.xhscdn.com/202606220901/90f20c5d1c40cce1d558e6d355c19423/notes_pre_post/1040g3k0321jefm257o005p75enagaba0eeujeag!nd_prv_wgth_webp_3"",""stream"":{}}],""ip_location"":""广东"",""note_id"":""6a3500430000000017008080"",""title"":""避雷滴滴，果断黑名单"",""desc"":""避雷滴滴打车、滴滴出行，打到阳光出行的车，显示1.8公里，我就下楼，下到楼显示司机信号差越走越远6.8公里，下楼等了半个钟，司机来到我打车对面车道了，直接点到达，再直接取消订单，那算我有空等车吗mmp#滴滴[话题]# #滴滴出行[话题]# #阳光出行[话题]# #阳光出行垃圾[话题]#"",""interact_info"":{""followed"":false,""relation"":""none"",""liked"":false,""liked_count"":""2"",""collected"":false,""collected_count"":"""",""comment_count"":""2"",""share_count"":""""},""time"":1781858371000,""last_update_time"":1781858875000,""share_info"":{""un_share"":false},""type"":""normal"",""user"":{""nickname"":""小红薯64E60C72"",""avatar"":""https://sns-avatar-qc.xhscdn.com/avatar/1040g2jo31pad9h8p3c005p75enagaba0tnd4teg"",""xsec_token"":""ABHfiYPfZ6q1IoAmcqd9uE52iU1lhD9alzQs0tnvyywYM="",""user_id"":""64e575d50000000001012d40""},""tag_list"":[{""id"":""5c0406f17c10ee00012f1d55"",""name"":""滴滴"",""type"":""topic""},{""id"":""5c98635a000000000d03fb1d"",""name"":""滴滴出行"",""type"":""topic""},{""id"":""61147a400000000001001a03"",""name"":""阳光出行"",""type"":""topic""},{""id"":""6438b46e000000002702c585"",""name"":""阳光出行垃圾"",""type"":""topic""}],""at_user_list"":[]}}]}",1190,,,1284,,WB_PRV,http://sns-webpic-qc.xhscdn.com/202606220901/90f20c5d1c40cce1d558e6d355c19423/notes_pre_post/1040g3k0321jefm257o005p75enagaba0eeujeag!nd_prv_wgth_webp_3,http://sns-webpic-qc.xhscdn.com/202606220901/f1cc866c44f3be9ff08b63ca68d1fbb9/notes_pre_post/1040g3k0321jefm257o005p75enagaba0eeujeag!nd_dft_wgth_webp_3,WB_DFT,http://sns-webpic-qc.xhscdn.com/202606220901/90f20c5d1c40cce1d558e6d355c19423/notes_pre_post/1040g3k0321jefm257o005p75enagaba0eeujeag!nd_prv_wgth_webp_3,http://sns-webpic-qc.xhscdn.com/202606220901/f1cc866c44f3be9ff08b63ca68d1fbb9/notes_pre_post/1040g3k0321jefm257o005p75enagaba0eeujeag!nd_dft_wgth_webp_3,{},False,滴滴,topic,5c0406f17c10ee00012f1d55,5c98635a000000000d03fb1d,滴滴出行,topic,topic,61147a400000000001001a03,阳光出行,topic,6438b46e000000002702c585,阳光出行垃圾,,,,,,,,,,,,,,,,,,,,,,,,,,,,,,,,,,,,,,,,,,,,,,,,,,,,,,,,,,,,,,,,,,,,,,,,,,,,
滴滴出租车,https://www.xiaohongshu.com/search_result_ai?keyword=%E6%BB%B4%E6%BB%B4%E5%87%BA%E7%A7%9F%E8%BD%A6&source=web_explore_feed,117,10,综合,不限,一周内,不限,不限,https://www.xiaohongshu.com/search_result_ai?keyword=%E6%BB%B4%E6%BB%B4%E5%87%BA%E7%A7%9F%E8%BD%A6&source=web_explore_feed&type=51,"综合,一周内",,https://www.xiaohongshu.com/search_result/6a3427f9000000001101b57b?xsec_token=ABdaQY6AecABtGSye1LTp9ZXNMEErKHxmDRsllSK3b54Y=&xsec_source=,6a3427f9000000001101b57b,,滴滴出行为什么经常打到僵尸车？？,"团子总是来海棠湾看月亮
3天前",,6a3427f9000000001101b57b,note,6a3427f9000000001101b57b,normal,滴滴出行为什么经常打到僵尸车？？,https://sns-avatar-qc.xhscdn.com/avatar/609a63f14ffc925fc5dcf783.jpg,AB8C5eXHAfz1jLG9eBp5TA0FQodOjhimPywCsLHq7LXbw=,5b3f098311be10779c408bb7,团子总是来海棠湾看月亮,,湖北,经常打到车然后司机半天不动显示司机信号不好获取不到位置信息 今天又是连续两次这种情况 下着暴雨我在路边等了十几分钟的车  给司机打电话都是关机或者无人接通 已经有五六次这样的经历了 我的时间不是时间吗 滴滴出来给个解释 真的很生气！！#滴滴出行[话题]# #打车[话题]# @滴滴美好出发 @滴滴出行客服,9,1,False,none,False,16,False,,,,WB_PRV,http://sns-webpic-qc.xhscdn.com/202606220901/ff1765268699b8b65a607120e072fd17/1040g008321ijuko270004a6t244o72tnklebcb0!nd_prv_wlteh_webp_3,WB_DFT,http://sns-webpic-qc.xhscdn.com/202606220901/a6261531588c37909df77680291385bc/1040g008321ijuko270004a6t244o72tnklebcb0!nd_dft_wlteh_webp_3,http://sns-webpic-qc.xhscdn.com/202606220901/ff1765268699b8b65a607120e072fd17/1040g008321ijuko270004a6t244o72tnklebcb0!nd_prv_wlteh_webp_3,http://sns-webpic-qc.xhscdn.com/202606220901/a6261531588c37909df77680291385bc/1040g008321ijuko270004a6t244o72tnklebcb0!nd_dft_wlteh_webp_3,{},False,,2868,1320,,1781803002000,1781803002000,False,1782090082647,"{""cursor_score"":"""",""items"":[{""id"":""6a3427f9000000001101b57b"",""model_type"":""note"",""note_card"":{""desc"":""经常打到车然后司机半天不动显示司机信号不好获取不到位置信息 今天又是连续两次这种情况 下着暴雨我在路边等了十几分钟的车  给司机打电话都是关机或者无人接通 已经有五六次这样的经历了 我的时间不是时间吗 滴滴出来给个解释 真的很生气！！#滴滴出行[话题]# #打车[话题]# @滴滴美好出发 @滴滴出行客服"",""tag_list"":[{""id"":""5c98635a000000000d03fb1d"",""name"":""滴滴出行"",""type"":""topic""},{""id"":""5c2a66d0000000000a024590"",""name"":""打车"",""type"":""topic""}],""time"":1781803002000,""last_update_time"":1781803002000,""share_info"":{""un_share"":false},""type"":""normal"",""title"":""滴滴出行为什么经常打到僵尸车？？"",""user"":{""user_id"":""5b3f098311be10779c408bb7"",""nickname"":""团子总是来海棠湾看月亮"",""avatar"":""https://sns-avatar-qc.xhscdn.com/avatar/609a63f14ffc925fc5dcf783.jpg"",""xsec_token"":""AB8C5eXHAfz1jLG9eBp5TA0FQodOjhimPywCsLHq7LXbw=""},""interact_info"":{""followed"":false,""relation"":""none"",""liked"":false,""liked_count"":""16"",""collected"":false,""collected_count"":"""",""comment_count"":""9"",""share_count"":""1""},""image_list"":[{""url_default"":""http://sns-webpic-qc.xhscdn.com/202606220901/a6261531588c37909df77680291385bc/1040g008321ijuko270004a6t244o72tnklebcb0!nd_dft_wlteh_webp_3"",""stream"":{},""live_photo"":false,""file_id"":"""",""width"":1320,""url"":"""",""trace_id"":"""",""info_list"":[{""image_scene"":""WB_PRV"",""url"":""http://sns-webpic-qc.xhscdn.com/202606220901/ff1765268699b8b65a607120e072fd17/1040g008321ijuko270004a6t244o72tnklebcb0!nd_prv_wlteh_webp_3""},{""image_scene"":""WB_DFT"",""url"":""http://sns-webpic-qc.xhscdn.com/202606220901/a6261531588c37909df77680291385bc/1040g008321ijuko270004a6t244o72tnklebcb0!nd_dft_wlteh_webp_3""}],""url_pre"":""http://sns-webpic-qc.xhscdn.com/202606220901/ff1765268699b8b65a607120e072fd17/1040g008321ijuko270004a6t244o72tnklebcb0!nd_prv_wlteh_webp_3"",""height"":2868}],""at_user_list"":[{""user_id"":""5b00200ee8ac2b4e8b97b408"",""nickname"":""滴滴美好出发"",""xsec_token"":""ABA8u8mNMoi6f73YeiZDoY1Fgc_wTaHNh3a8wqg-g4jDw=""},{""user_id"":""61b2e3b8000000001000b65a"",""nickname"":""滴滴出行客服"",""xsec_token"":""ABVvFcK_3c6uLbstEyZA3gSzvcGJZwbTloXRtBuQRSi9Y=""}],""ip_location"":""湖北"",""note_id"":""6a3427f9000000001101b57b""}}],""current_time"":1782090082647}",,,,,,,,,,,,,,滴滴出行,topic,5c98635a000000000d03fb1d,5c2a66d0000000000a024590,打车,topic,,,,,,,,,,,,,,,,,,,,,,,,,,,,,,,,,,,,,,,,,,,,,,,,,,,,,,,,,,,,,,,,,,,,,,,,,,5b00200ee8ac2b4e8b97b408,滴滴美好出发,ABA8u8mNMoi6f73YeiZDoY1Fgc_wTaHNh3a8wqg-g4jDw=,,,,61b2e3b8000000001000b65a,滴滴出行客服,ABVvFcK_3c6uLbstEyZA3gSzvcGJZwbTloXRtBuQRSi9Y=
滴滴出租车,https://www.xiaohongshu.com/search_result_ai?keyword=%E6%BB%B4%E6%BB%B4%E5%87%BA%E7%A7%9F%E8%BD%A6&source=web_explore_feed,120,11,综合,不限,一周内,不限,不限,https://www.xiaohongshu.com/search_result_ai?keyword=%E6%BB%B4%E6%BB%B4%E5%87%BA%E7%A7%9F%E8%BD%A6&source=web_explore_feed&type=51,"综合,一周内",,https://www.xiaohongshu.com/search_result/6a30cc00000000000803d5ac?xsec_token=ABHjxo2n_Xyv2atf9j6gRRU2coftqTFULOHVbDPwTO0Cc=&xsec_source=,6a30cc00000000000803d5ac,,滴滴，你能不能把规则改一下？？？,"追
5天前",,6a30cc00000000000803d5ac,note,6a30cc00000000000803d5ac,normal,滴滴，你能不能把规则改一下？？？,https://sns-avatar-qc.xhscdn.com/avatar/618785ed32dbbd5898a54c44.jpg,ABcf-wNiQ07-ZAa1mIq_4YcHIet4xM3NNjcABp-L0XUA4=,5c015a13000000000701b575,追,[],湖北,"上午在滴滴上打了个车，全程6.37公里，实付10.65元，司机在接单后给我打了个电话，当时在看我的单子没有接到，想着没有再打应该没啥事，上车后我就顺嘴问了一下刚刚你打电话吗，司机不耐烦的说了一句:你说呢。然后就开始转换方言口吐芬芳了，如图。
从我上车开始到我下车一刻不停歇，伴随各种动作。一路我都胆战心惊的。
滴滴，你不能改一下接单规则吗？嫌单价少的能不能让他们选择不接单啊？？
#出租车[话题]# #网约车[话题]# #司机[话题]# #情绪[话题]# #开车请注意安全[话题]#",6,,False,none,False,1,False,,,,WB_PRV,http://sns-webpic-qc.xhscdn.com/202606220901/50921f1615bd32fdab7c340a9c053ac7/1040g2sg321fauot7nak04bun7ld17dble0a7ig8!nd_prv_wlteh_webp_3,WB_DFT,http://sns-webpic-qc.xhscdn.com/202606220901/75d664fcf9f42c43be196472f0cb18ad/1040g2sg321fauot7nak04bun7ld17dble0a7ig8!nd_dft_wlteh_webp_3,http://sns-webpic-qc.xhscdn.com/202606220901/50921f1615bd32fdab7c340a9c053ac7/1040g2sg321fauot7nak04bun7ld17dble0a7ig8!nd_prv_wlteh_webp_3,http://sns-webpic-qc.xhscdn.com/202606220901/75d664fcf9f42c43be196472f0cb18ad/1040g2sg321fauot7nak04bun7ld17dble0a7ig8!nd_dft_wlteh_webp_3,{},False,,2103,1024,,1781582848000,1781582849000,False,1782090091655,"{""cursor_score"":"""",""items"":[{""id"":""6a30cc00000000000803d5ac"",""model_type"":""note"",""note_card"":{""image_list"":[{""width"":1024,""url"":"""",""trace_id"":"""",""file_id"":"""",""height"":2103,""info_list"":[{""image_scene"":""WB_PRV"",""url"":""http://sns-webpic-qc.xhscdn.com/202606220901/50921f1615bd32fdab7c340a9c053ac7/1040g2sg321fauot7nak04bun7ld17dble0a7ig8!nd_prv_wlteh_webp_3""},{""image_scene"":""WB_DFT"",""url"":""http://sns-webpic-qc.xhscdn.com/202606220901/75d664fcf9f42c43be196472f0cb18ad/1040g2sg321fauot7nak04bun7ld17dble0a7ig8!nd_dft_wlteh_webp_3""}],""url_pre"":""http://sns-webpic-qc.xhscdn.com/202606220901/50921f1615bd32fdab7c340a9c053ac7/1040g2sg321fauot7nak04bun7ld17dble0a7ig8!nd_prv_wlteh_webp_3"",""url_default"":""http://sns-webpic-qc.xhscdn.com/202606220901/75d664fcf9f42c43be196472f0cb18ad/1040g2sg321fauot7nak04bun7ld17dble0a7ig8!nd_dft_wlteh_webp_3"",""stream"":{},""live_photo"":false},{""height"":1565,""url"":"""",""trace_id"":"""",""info_list"":[{""image_scene"":""WB_PRV"",""url"":""http://sns-webpic-qc.xhscdn.com/202606220901/fd41885526c0edde20c17946264a915b/1040g2sg321fauot7najg4bun7ld17dbl1pc8lpo!nd_prv_wlteh_webp_3""},{""url"":""http://sns-webpic-qc.xhscdn.com/202606220901/0362e4333d3c5299255442544e850a69/1040g2sg321fauot7najg4bun7ld17dbl1pc8lpo!nd_dft_wlteh_webp_3"",""image_scene"":""WB_DFT""}],""url_default"":""http://sns-webpic-qc.xhscdn.com/202606220901/0362e4333d3c5299255442544e850a69/1040g2sg321fauot7najg4bun7ld17dbl1pc8lpo!nd_dft_wlteh_webp_3"",""stream"":{},""live_photo"":false,""file_id"":"""",""width"":1025,""url_pre"":""http://sns-webpic-qc.xhscdn.com/202606220901/fd41885526c0edde20c17946264a915b/1040g2sg321fauot7najg4bun7ld17dbl1pc8lpo!nd_prv_wlteh_webp_3""}],""at_user_list"":[],""time"":1781582848000,""last_update_time"":1781582849000,""note_id"":""6a30cc00000000000803d5ac"",""type"":""normal"",""desc"":""上午在滴滴上打了个车，全程6.37公里，实付10.65元，司机在接单后给我打了个电话，当时在看我的单子没有接到，想着没有再打应该没啥事，上车后我就顺嘴问了一下刚刚你打电话吗，司机不耐烦的说了一句:你说呢。然后就开始转换方言口吐芬芳了，如图。\n从我上车开始到我下车一刻不停歇，伴随各种动作。一路我都胆战心惊的。\n滴滴，你不能改一下接单规则吗？嫌单价少的能不能让他们选择不接单啊？？\n#出租车[话题]# #网约车[话题]# #司机[话题]# #情绪[话题]# #开车请注意安全[话题]#"",""user"":{""xsec_token"":""ABcf-wNiQ07-ZAa1mIq_4YcHIet4xM3NNjcABp-L0XUA4="",""user_id"":""5c015a13000000000701b575"",""nickname"":""追"",""avatar"":""https://sns-avatar-qc.xhscdn.com/avatar/618785ed32dbbd5898a54c44.jpg""},""ip_location"":""湖北"",""title"":""滴滴，你能不能把规则改一下？？？"",""interact_info"":{""liked"":false,""liked_count"":""1"",""collected"":false,""collected_count"":"""",""comment_count"":""6"",""share_count"":"""",""followed"":false,""relation"":""none""},""tag_list"":[{""id"":""5c3c4acd000000000e033fbb"",""name"":""出租车"",""type"":""topic""},{""id"":""5c3584bf000000000f0038bc"",""name"":""网约车"",""type"":""topic""},{""name"":""司机"",""type"":""topic"",""id"":""5be92a1686535d0001af1f45""},{""id"":""604f2615000000000101dfc8"",""name"":""情绪"",""type"":""topic""},{""type"":""topic"",""id"":""631d812700000000010085f1"",""name"":""开车请注意安全""}],""share_info"":{""un_share"":false}}}],""current_time"":1782090091655}",1565,,,1025,,WB_PRV,http://sns-webpic-qc.xhscdn.com/202606220901/fd41885526c0edde20c17946264a915b/1040g2sg321fauot7najg4bun7ld17dbl1pc8lpo!nd_prv_wlteh_webp_3,http://sns-webpic-qc.xhscdn.com/202606220901/0362e4333d3c5299255442544e850a69/1040g2sg321fauot7najg4bun7ld17dbl1pc8lpo!nd_dft_wlteh_webp_3,WB_DFT,http://sns-webpic-qc.xhscdn.com/202606220901/fd41885526c0edde20c17946264a915b/1040g2sg321fauot7najg4bun7ld17dbl1pc8lpo!nd_prv_wlteh_webp_3,http://sns-webpic-qc.xhscdn.com/202606220901/0362e4333d3c5299255442544e850a69/1040g2sg321fauot7najg4bun7ld17dbl1pc8lpo!nd_dft_wlteh_webp_3,{},False,出租车,topic,5c3c4acd000000000e033fbb,5c3584bf000000000f0038bc,网约车,topic,topic,5be92a1686535d0001af1f45,司机,topic,604f2615000000000101dfc8,情绪,631d812700000000010085f1,开车请注意安全,topic,,,,,,,,,,,,,,,,,,,,,,,,,,,,,,,,,,,,,,,,,,,,,,,,,,,,,,,,,,,,,,,,,,,,,,,,,
