search_keyword,search_url,search_rank,output_rank,filter_sort_by,filter_note_type,filter_publish_time,filter_search_scope,filter_location,page_filter_url,page_filter_selected,page_filter_error,source_url,note_id,xsec_source,preview_title,preview_author,items.0.model_type,items.0.note_card.time,items.0.note_card.note_id,items.0.note_card.type,items.0.note_card.desc,items.0.note_card.user.user_id,items.0.note_card.user.nickname,items.0.note_card.user.avatar,items.0.note_card.user.xsec_token,items.0.note_card.image_list.0.url,items.0.note_card.image_list.0.trace_id,items.0.note_card.image_list.0.url_pre,items.0.note_card.image_list.0.url_default,items.0.note_card.image_list.0.stream,items.0.note_card.image_list.0.live_photo,items.0.note_card.image_list.0.file_id,items.0.note_card.image_list.0.width,items.0.note_card.image_list.0.height,items.0.note_card.image_list.0.info_list.0.image_scene,items.0.note_card.image_list.0.info_list.0.url,items.0.note_card.image_list.0.info_list.1.image_scene,items.0.note_card.image_list.0.info_list.1.url,items.0.note_card.tag_list.0.id,items.0.note_card.tag_list.0.name,items.0.note_card.tag_list.0.type,items.0.note_card.at_user_list,items.0.note_card.title,items.0.note_card.interact_info.share_count,items.0.note_card.interact_info.followed,items.0.note_card.interact_info.relation,items.0.note_card.interact_info.liked,items.0.note_card.interact_info.liked_count,items.0.note_card.interact_info.collected,items.0.note_card.interact_info.collected_count,items.0.note_card.interact_info.comment_count,items.0.note_card.last_update_time,items.0.note_card.ip_location,items.0.note_card.share_info.un_share,items.0.id,current_time,cursor_score,raw_json,items.0.note_card.tag_list,items.0.note_card.video.media_v2,items.0.note_card.video.media.video_id,items.0.note_card.video.media.video.drm_type,items.0.note_card.video.media.video.stream_types.0,items.0.note_card.video.media.video.stream_types.1,items.0.note_card.video.media.video.stream_types.2,items.0.note_card.video.media.video.biz_name,items.0.note_card.video.media.video.biz_id,items.0.note_card.video.media.video.duration,items.0.note_card.video.media.video.md5,items.0.note_card.video.media.video.hdr_type,items.0.note_card.video.media.stream.h265.0.default_stream,items.0.note_card.video.media.stream.h265.0.width,items.0.note_card.video.media.stream.h265.0.quality_type,items.0.note_card.video.media.stream.h265.0.size,items.0.note_card.video.media.stream.h265.0.audio_channels,items.0.note_card.video.media.stream.h265.0.master_url,items.0.note_card.video.media.stream.h265.0.ssim,items.0.note_card.video.media.stream.h265.0.video_bitrate,items.0.note_card.video.media.stream.h265.0.audio_bitrate,items.0.note_card.video.media.stream.h265.0.stream_desc,items.0.note_card.video.media.stream.h265.0.duration,items.0.note_card.video.media.stream.h265.0.audio_codec,items.0.note_card.video.media.stream.h265.0.stream_type,items.0.note_card.video.media.stream.h265.0.avg_bitrate,items.0.note_card.video.media.stream.h265.0.backup_urls.0,items.0.note_card.video.media.stream.h265.0.volume,items.0.note_card.video.media.stream.h265.0.vmaf,items.0.note_card.video.media.stream.h265.0.psnr,items.0.note_card.video.media.stream.h265.0.format,items.0.note_card.video.media.stream.h265.0.height,items.0.note_card.video.media.stream.h265.0.rotate,items.0.note_card.video.media.stream.h265.0.hdr_type,items.0.note_card.video.media.stream.h265.0.fps,items.0.note_card.video.media.stream.h265.0.video_codec,items.0.note_card.video.media.stream.h265.0.video_duration,items.0.note_card.video.media.stream.h265.0.audio_duration,items.0.note_card.video.media.stream.h265.0.weight,items.0.note_card.video.media.stream.h265.1.avg_bitrate,items.0.note_card.video.media.stream.h265.1.weight,items.0.note_card.video.media.stream.h265.1.volume,items.0.note_card.video.media.stream.h265.1.fps,items.0.note_card.video.media.stream.h265.1.video_bitrate,items.0.note_card.video.media.stream.h265.1.audio_bitrate,items.0.note_card.video.media.stream.h265.1.audio_duration,items.0.note_card.video.media.stream.h265.1.master_url,items.0.note_card.video.media.stream.h265.1.default_stream,items.0.note_card.video.media.stream.h265.1.format,items.0.note_card.video.media.stream.h265.1.video_codec,items.0.note_card.video.media.stream.h265.1.video_duration,items.0.note_card.video.media.stream.h265.1.audio_channels,items.0.note_card.video.media.stream.h265.1.height,items.0.note_card.video.media.stream.h265.1.size,items.0.note_card.video.media.stream.h265.1.audio_codec,items.0.note_card.video.media.stream.h265.1.rotate,items.0.note_card.video.media.stream.h265.1.width,items.0.note_card.video.media.stream.h265.1.quality_type,items.0.note_card.video.media.stream.h265.1.stream_desc,items.0.note_card.video.media.stream.h265.1.vmaf,items.0.note_card.video.media.stream.h265.1.psnr,items.0.note_card.video.media.stream.h265.1.stream_type,items.0.note_card.video.media.stream.h265.1.backup_urls.0,items.0.note_card.video.media.stream.h265.1.hdr_type,items.0.note_card.video.media.stream.h265.1.ssim,items.0.note_card.video.media.stream.h265.1.duration,items.0.note_card.video.media.stream.h266,items.0.note_card.video.media.stream.av1,items.0.note_card.video.media.stream.h264.0.avg_bitrate,items.0.note_card.video.media.stream.h264.0.fps,items.0.note_card.video.media.stream.h264.0.video_bitrate,items.0.note_card.video.media.stream.h264.0.video_duration,items.0.note_card.video.media.stream.h264.0.audio_duration,items.0.note_card.video.media.stream.h264.0.master_url,items.0.note_card.video.media.stream.h264.0.hdr_type,items.0.note_card.video.media.stream.h264.0.height,items.0.note_card.video.media.stream.h264.0.size,items.0.note_card.video.media.stream.h264.0.audio_channels,items.0.note_card.video.media.stream.h264.0.psnr,items.0.note_card.video.media.stream.h264.0.video_codec,items.0.note_card.video.media.stream.h264.0.rotate,items.0.note_card.video.media.stream.h264.0.backup_urls.0,items.0.note_card.video.media.stream.h264.0.default_stream,items.0.note_card.video.media.stream.h264.0.ssim,items.0.note_card.video.media.stream.h264.0.weight,items.0.note_card.video.media.stream.h264.0.quality_type,items.0.note_card.video.media.stream.h264.0.stream_desc,items.0.note_card.video.media.stream.h264.0.width,items.0.note_card.video.media.stream.h264.0.audio_codec,items.0.note_card.video.media.stream.h264.0.volume,items.0.note_card.video.media.stream.h264.0.stream_type,items.0.note_card.video.media.stream.h264.0.format,items.0.note_card.video.media.stream.h264.0.duration,items.0.note_card.video.media.stream.h264.0.audio_bitrate,items.0.note_card.video.media.stream.h264.0.vmaf,items.0.note_card.video.image.first_frame_fileid,items.0.note_card.video.image.thumbnail_fileid,items.0.note_card.video.capa.duration,items.0.note_card.tag_list.1.id,items.0.note_card.tag_list.1.name,items.0.note_card.tag_list.1.type,items.0.note_card.tag_list.2.id,items.0.note_card.tag_list.2.name,items.0.note_card.tag_list.2.type,items.0.note_card.tag_list.3.name,items.0.note_card.tag_list.3.type,items.0.note_card.tag_list.3.id,items.0.note_card.tag_list.4.id,items.0.note_card.tag_list.4.name,items.0.note_card.tag_list.4.type,items.0.note_card.at_user_list.0.user_id,items.0.note_card.at_user_list.0.nickname,items.0.note_card.at_user_list.0.xsec_token,items.0.note_card.at_user_list.1.user_id,items.0.note_card.at_user_list.1.nickname,items.0.note_card.at_user_list.1.xsec_token,items.0.note_card.tag_list.5.id,items.0.note_card.tag_list.5.name,items.0.note_card.tag_list.5.type,items.0.note_card.tag_list.6.id,items.0.note_card.tag_list.6.name,items.0.note_card.tag_list.6.type
滴滴司机,https://www.xiaohongshu.com/search_result_ai?keyword=%E6%BB%B4%E6%BB%B4%E5%8F%B8%E6%9C%BA&source=web_explore_feed,9,1,综合,不限,一天内,未看过,不限,https://www.xiaohongshu.com/search_result_ai?keyword=%E6%BB%B4%E6%BB%B4%E5%8F%B8%E6%9C%BA&source=web_explore_feed&type=51,"综合,一天内,未看过",,https://www.xiaohongshu.com/search_result/6a328e4a000000000702bd28?xsec_token=ABNV3U1l6kOI0X3OTrYVszJMiKncmu9OW-oNBfKMMJZSY=&xsec_source=,6a328e4a000000000702bd28,,请北京对这个滴滴司机好一点,"小红薯5D57ECBD
昨天 20:08",note,1781698122000,6a328e4a000000000702bd28,normal,"今天，又是和以前一样，打车去上班。
滴滴到了在门口，我加快了奔向车的脚步，这时候突然听到一个大爷对我说：“小姐姐，请上车！”
我心里一紧，这老掉牙的台词，像是精心设计过但是又有点唐突，我突然紧张了起来。
上车后，我才看清，司机是一个长相文雅的大爷，头发带点花白，眼神清澈又和善，我悬着的心放松了下来。
结果没过多久，司机开车切了一个超大的弯儿，心又突然开始紧张，我忍不住说：“师傅，您开车还是稳一点儿！”
师傅不好意思地说:""在家乡开习惯了，今天第三天跑滴滴。“
他的普通话口音有些熟悉，我问道：“您是哪儿人呀 ？”
“重庆！”他爽快地答道。
原来是老乡！
我开始好奇他为什么来北京跑滴滴，他说他在给一个公司跑，每个月发固定工资，但是每天目标不达成，要从工资里面扣，自己是从贵州过来的，之前做铝合金门窗。
年轻的时候就来过北京，在东直门附近。
我忍不住担心，问他多大年纪，他说62岁，笑着说这么年轻要是在重庆家里呆着不干活是要被笑话的。
他讲起有一天刷抖音刷到现在跑车的这家公司，儿女不让他来，怕他被骗，怕是传销，但他还是来了。
我问他，有遇到一起给这个公司跑车的同事吗，他说有，有十几个，但是有的挣钱不多，一个月才三四千块钱。
我也像他儿女一样担心起来了。
在北京，因为经常打滴滴通勤，我也大概知道滴滴司机的平均收入水平，这个大爷会不会被骗了？
我忙着给他科普北京滴滴司机的收入，司机一般怎么租车，一般怎么跑车，心里不自觉着急起来。
可是大爷他说：我就是想着跑这一个月看看，要是真不行，就照你和之前乘客给我说的，自己找租车行。
听到这里，我更着急了，怎么会有人愿意哪怕一个月白干，也要踏踏实实看看情况呢。
我忍不住和他科普现在社会诈骗特别多，在外要留心眼，他却和我说，他自己精心设计的乘客欢迎语：“小姐姐，请上车！”
和我的焦虑相比，他还问我会不会开车，告诉我说开车很简单，教我怎么开车。
我好像没办法和没理由去继续影响他，我像恐惧自己被骗一样想帮助别人，但是乐观的大爷，一脸轻松。
行程结束后，我说，祝他一切顺利，而他却谦卑地说：谢谢你教我知识。
我突然心酸，这个城市有太多挣扎打拼的人，我感到羞愧，我总是活在生活和工作的焦虑里，前怕狼后怕虎，而这个大爷还是很善良乐观地面对这个世界。
	
真心地希望，一切顺利，北京能对他好一点儿。
#滴滴司机[话题]#",568413a250c4b40f038f01c4,小红薯5D57ECBD,https://sns-avatar-qc.xhscdn.com/avatar/5b731766df458b0001e95358.jpg,ABJYu_hWxiOXvCqShBqbYqf3Qf0t_8AU105mYGHIYW5Rs=,,,http://sns-webpic-qc.xhscdn.com/202606181012/3ed27958e833e569c30f900b7d967a07/1040g2sg321h1thai7o7044tjc49q40e4erihnb0!nd_prv_wgth_webp_3,http://sns-webpic-qc.xhscdn.com/202606181012/6febee59c80d0e1ec3ee7c88f823432c/1040g2sg321h1thai7o7044tjc49q40e4erihnb0!nd_dft_wgth_webp_3,{},False,,5712,4284,WB_PRV,http://sns-webpic-qc.xhscdn.com/202606181012/3ed27958e833e569c30f900b7d967a07/1040g2sg321h1thai7o7044tjc49q40e4erihnb0!nd_prv_wgth_webp_3,WB_DFT,http://sns-webpic-qc.xhscdn.com/202606181012/6febee59c80d0e1ec3ee7c88f823432c/1040g2sg321h1thai7o7044tjc49q40e4erihnb0!nd_dft_wgth_webp_3,5d074e9a000000000e00f319,滴滴司机,topic,[],请北京对这个滴滴司机好一点,1,False,none,False,,False,,,1781698123000,北京,False,6a328e4a000000000702bd28,1781748777097,,"{""items"":[{""model_type"":""note"",""note_card"":{""time"":1781698122000,""note_id"":""6a328e4a000000000702bd28"",""type"":""normal"",""desc"":""今天，又是和以前一样，打车去上班。\n滴滴到了在门口，我加快了奔向车的脚步，这时候突然听到一个大爷对我说：“小姐姐，请上车！”\n我心里一紧，这老掉牙的台词，像是精心设计过但是又有点唐突，我突然紧张了起来。\n上车后，我才看清，司机是一个长相文雅的大爷，头发带点花白，眼神清澈又和善，我悬着的心放松了下来。\n结果没过多久，司机开车切了一个超大的弯儿，心又突然开始紧张，我忍不住说：“师傅，您开车还是稳一点儿！”\n师傅不好意思地说:\""在家乡开习惯了，今天第三天跑滴滴。“\n他的普通话口音有些熟悉，我问道：“您是哪儿人呀 ？”\n“重庆！”他爽快地答道。\n原来是老乡！\n我开始好奇他为什么来北京跑滴滴，他说他在给一个公司跑，每个月发固定工资，但是每天目标不达成，要从工资里面扣，自己是从贵州过来的，之前做铝合金门窗。\n年轻的时候就来过北京，在东直门附近。\n我忍不住担心，问他多大年纪，他说62岁，笑着说这么年轻要是在重庆家里呆着不干活是要被笑话的。\n他讲起有一天刷抖音刷到现在跑车的这家公司，儿女不让他来，怕他被骗，怕是传销，但他还是来了。\n我问他，有遇到一起给这个公司跑车的同事吗，他说有，有十几个，但是有的挣钱不多，一个月才三四千块钱。\n我也像他儿女一样担心起来了。\n在北京，因为经常打滴滴通勤，我也大概知道滴滴司机的平均收入水平，这个大爷会不会被骗了？\n我忙着给他科普北京滴滴司机的收入，司机一般怎么租车，一般怎么跑车，心里不自觉着急起来。\n可是大爷他说：我就是想着跑这一个月看看，要是真不行，就照你和之前乘客给我说的，自己找租车行。\n听到这里，我更着急了，怎么会有人愿意哪怕一个月白干，也要踏踏实实看看情况呢。\n我忍不住和他科普现在社会诈骗特别多，在外要留心眼，他却和我说，他自己精心设计的乘客欢迎语：“小姐姐，请上车！”\n和我的焦虑相比，他还问我会不会开车，告诉我说开车很简单，教我怎么开车。\n我好像没办法和没理由去继续影响他，我像恐惧自己被骗一样想帮助别人，但是乐观的大爷，一脸轻松。\n行程结束后，我说，祝他一切顺利，而他却谦卑地说：谢谢你教我知识。\n我突然心酸，这个城市有太多挣扎打拼的人，我感到羞愧，我总是活在生活和工作的焦虑里，前怕狼后怕虎，而这个大爷还是很善良乐观地面对这个世界。\n\t\n真心地希望，一切顺利，北京能对他好一点儿。\n#滴滴司机[话题]#"",""user"":{""user_id"":""568413a250c4b40f038f01c4"",""nickname"":""小红薯5D57ECBD"",""avatar"":""https://sns-avatar-qc.xhscdn.com/avatar/5b731766df458b0001e95358.jpg"",""xsec_token"":""ABJYu_hWxiOXvCqShBqbYqf3Qf0t_8AU105mYGHIYW5Rs=""},""image_list"":[{""url"":"""",""trace_id"":"""",""url_pre"":""http://sns-webpic-qc.xhscdn.com/202606181012/3ed27958e833e569c30f900b7d967a07/1040g2sg321h1thai7o7044tjc49q40e4erihnb0!nd_prv_wgth_webp_3"",""url_default"":""http://sns-webpic-qc.xhscdn.com/202606181012/6febee59c80d0e1ec3ee7c88f823432c/1040g2sg321h1thai7o7044tjc49q40e4erihnb0!nd_dft_wgth_webp_3"",""stream"":{},""live_photo"":false,""file_id"":"""",""width"":5712,""height"":4284,""info_list"":[{""image_scene"":""WB_PRV"",""url"":""http://sns-webpic-qc.xhscdn.com/202606181012/3ed27958e833e569c30f900b7d967a07/1040g2sg321h1thai7o7044tjc49q40e4erihnb0!nd_prv_wgth_webp_3""},{""image_scene"":""WB_DFT"",""url"":""http://sns-webpic-qc.xhscdn.com/202606181012/6febee59c80d0e1ec3ee7c88f823432c/1040g2sg321h1thai7o7044tjc49q40e4erihnb0!nd_dft_wgth_webp_3""}]}],""tag_list"":[{""id"":""5d074e9a000000000e00f319"",""name"":""滴滴司机"",""type"":""topic""}],""at_user_list"":[],""title"":""请北京对这个滴滴司机好一点"",""interact_info"":{""share_count"":""1"",""followed"":false,""relation"":""none"",""liked"":false,""liked_count"":"""",""collected"":false,""collected_count"":"""",""comment_count"":""""},""last_update_time"":1781698123000,""ip_location"":""北京"",""share_info"":{""un_share"":false}},""id"":""6a328e4a000000000702bd28""}],""current_time"":1781748777097,""cursor_score"":""""}",,,,,,,,,,,,,,,,,,,,,,,,,,,,,,,,,,,,,,,,,,,,,,,,,,,,,,,,,,,,,,,,,,,,,,,,,,,,,,,,,,,,,,,,,,,,,,,,,,,,,,,,,,,,,,,,,,,,,,,,,,
滴滴司机,https://www.xiaohongshu.com/search_result_ai?keyword=%E6%BB%B4%E6%BB%B4%E5%8F%B8%E6%9C%BA&source=web_explore_feed,51,2,综合,不限,一天内,未看过,不限,https://www.xiaohongshu.com/search_result_ai?keyword=%E6%BB%B4%E6%BB%B4%E5%8F%B8%E6%9C%BA&source=web_explore_feed&type=51,"综合,一天内,未看过",,https://www.xiaohongshu.com/search_result/6a3204700000000007026479?xsec_token=ABNV3U1l6kOI0X3OTrYVszJMH3Nmvo81qEmbQNz213Lb0=&xsec_source=,6a3204700000000007026479,,招继任,"天狗.
昨天 10:20",note,1781662832000,6a3204700000000007026479,normal,"招继任
滴滴网约车——运力运营实习生：
base北京新橙海
【岗位职责】
1、日常工作： 使用EXCEL、Tableau等数据工具，负责周期性数据处理、分析，底表模版搭建，定期完成并交付任务，保障数据准确性和时效性；
2、团队数据支持：快速响应团队的数据需求，利用SQL等工具完成数据提取、分析及结果输出，为运营决策提供支持；
3、沟通协调： 与区域团队保持高效沟通，协助解决实际业务问题，确保数据支持与业务场景的充分匹配，提高团队与区域的协作效率。
【任职资格】
1、本科或研究生在读，经济学、统计学、管理学等相关专业优先，211及985高校优先考虑；
2、熟练掌握Excel（包括常用函数、图表搭建等），能够独立完成数据处理分析任务；
3、对数据敏感，具备较强的逻辑思维能力，掌握SQL、Tableau、Python等数据工具且熟练运用者优先；
4、具备良好的沟通协调能力，能够高效对接团队与区域的需求，快速理解业务并提供支持；
5、有进取心，愿意主动学习新知识与技能，具有高度责任心，能够在一定压力下完成工作任务；
6、 每周保证5天出勤，实习期6个月及以上者优先考虑。
【实习待遇】：本科生150/day，硕士200/day，晚餐餐补30r，9点后免费打车
【简历请命名为】：姓名+学校+毕业时间+周出勤x天+最快到岗时间
【投递邮箱】：niuziru_i@didiglobal.com",5bb620e081d735000191214a,天狗.,https://sns-avatar-qc.xhscdn.com/avatar/1040g2jo31uc9juh42o004ba4pdge08aafjchrdo,ABYID11Bspd8ecDPgPr8yJnfAB5S0W9MvHm4oTZYnWFoM=,,,http://sns-webpic-qc.xhscdn.com/202606181015/49972f4a0c00b54947afce8e350b1fbf/notes_pre_post/1040g3k0321gh8p2dnu004ba4pdge08aa1b7ur6o!nd_prv_wlteh_webp_3,http://sns-webpic-qc.xhscdn.com/202606181015/1235d01ea1976344728340c59defa07b/notes_pre_post/1040g3k0321gh8p2dnu004ba4pdge08aa1b7ur6o!nd_dft_wlteh_webp_3,{},False,,1200,1600,WB_PRV,http://sns-webpic-qc.xhscdn.com/202606181015/49972f4a0c00b54947afce8e350b1fbf/notes_pre_post/1040g3k0321gh8p2dnu004ba4pdge08aa1b7ur6o!nd_prv_wlteh_webp_3,WB_DFT,http://sns-webpic-qc.xhscdn.com/202606181015/1235d01ea1976344728340c59defa07b/notes_pre_post/1040g3k0321gh8p2dnu004ba4pdge08aa1b7ur6o!nd_dft_wlteh_webp_3,,,,[],招继任,25,False,none,False,94,False,89,7,1781662832000,北京,False,6a3204700000000007026479,1781748908280,,"{""cursor_score"":"""",""items"":[{""id"":""6a3204700000000007026479"",""model_type"":""note"",""note_card"":{""image_list"":[{""stream"":{},""file_id"":"""",""height"":1600,""width"":1200,""url_pre"":""http://sns-webpic-qc.xhscdn.com/202606181015/49972f4a0c00b54947afce8e350b1fbf/notes_pre_post/1040g3k0321gh8p2dnu004ba4pdge08aa1b7ur6o!nd_prv_wlteh_webp_3"",""url_default"":""http://sns-webpic-qc.xhscdn.com/202606181015/1235d01ea1976344728340c59defa07b/notes_pre_post/1040g3k0321gh8p2dnu004ba4pdge08aa1b7ur6o!nd_dft_wlteh_webp_3"",""url"":"""",""trace_id"":"""",""info_list"":[{""image_scene"":""WB_PRV"",""url"":""http://sns-webpic-qc.xhscdn.com/202606181015/49972f4a0c00b54947afce8e350b1fbf/notes_pre_post/1040g3k0321gh8p2dnu004ba4pdge08aa1b7ur6o!nd_prv_wlteh_webp_3""},{""url"":""http://sns-webpic-qc.xhscdn.com/202606181015/1235d01ea1976344728340c59defa07b/notes_pre_post/1040g3k0321gh8p2dnu004ba4pdge08aa1b7ur6o!nd_dft_wlteh_webp_3"",""image_scene"":""WB_DFT""}],""live_photo"":false}],""at_user_list"":[],""share_info"":{""un_share"":false},""type"":""normal"",""desc"":""招继任\n滴滴网约车——运力运营实习生：\nbase北京新橙海\n【岗位职责】\n1、日常工作： 使用EXCEL、Tableau等数据工具，负责周期性数据处理、分析，底表模版搭建，定期完成并交付任务，保障数据准确性和时效性；\n2、团队数据支持：快速响应团队的数据需求，利用SQL等工具完成数据提取、分析及结果输出，为运营决策提供支持；\n3、沟通协调： 与区域团队保持高效沟通，协助解决实际业务问题，确保数据支持与业务场景的充分匹配，提高团队与区域的协作效率。\n【任职资格】\n1、本科或研究生在读，经济学、统计学、管理学等相关专业优先，211及985高校优先考虑；\n2、熟练掌握Excel（包括常用函数、图表搭建等），能够独立完成数据处理分析任务；\n3、对数据敏感，具备较强的逻辑思维能力，掌握SQL、Tableau、Python等数据工具且熟练运用者优先；\n4、具备良好的沟通协调能力，能够高效对接团队与区域的需求，快速理解业务并提供支持；\n5、有进取心，愿意主动学习新知识与技能，具有高度责任心，能够在一定压力下完成工作任务；\n6、 每周保证5天出勤，实习期6个月及以上者优先考虑。\n【实习待遇】：本科生150/day，硕士200/day，晚餐餐补30r，9点后免费打车\n【简历请命名为】：姓名+学校+毕业时间+周出勤x天+最快到岗时间\n【投递邮箱】：niuziru_i@didiglobal.com"",""user"":{""xsec_token"":""ABYID11Bspd8ecDPgPr8yJnfAB5S0W9MvHm4oTZYnWFoM="",""user_id"":""5bb620e081d735000191214a"",""nickname"":""天狗."",""avatar"":""https://sns-avatar-qc.xhscdn.com/avatar/1040g2jo31uc9juh42o004ba4pdge08aafjchrdo""},""tag_list"":[],""time"":1781662832000,""last_update_time"":1781662832000,""ip_location"":""北京"",""note_id"":""6a3204700000000007026479"",""title"":""招继任"",""interact_info"":{""share_count"":""25"",""followed"":false,""relation"":""none"",""liked"":false,""liked_count"":""94"",""collected"":false,""collected_count"":""89"",""comment_count"":""7""}}}],""current_time"":1781748908280}",[],,,,,,,,,,,,,,,,,,,,,,,,,,,,,,,,,,,,,,,,,,,,,,,,,,,,,,,,,,,,,,,,,,,,,,,,,,,,,,,,,,,,,,,,,,,,,,,,,,,,,,,,,,,,,,,,,,,,,,,,,
滴滴司机,https://www.xiaohongshu.com/search_result_ai?keyword=%E6%BB%B4%E6%BB%B4%E5%8F%B8%E6%9C%BA&source=web_explore_feed,58,3,综合,不限,一天内,未看过,不限,https://www.xiaohongshu.com/search_result_ai?keyword=%E6%BB%B4%E6%BB%B4%E5%8F%B8%E6%9C%BA&source=web_explore_feed&type=51,"综合,一天内,未看过",,https://www.xiaohongshu.com/search_result/6a326655000000001702a2fb?xsec_token=ABNV3U1l6kOI0X3OTrYVszJCal28JXZrGZEMlhVpY-Ds8=&xsec_source=,6a326655000000001702a2fb,,中年老登在北京跑网约车,"momo
昨天 17:18",note,1781687893000,6a326655000000001702a2fb,video,中年老登在北京跑网约车，一天在线10小时，收入600多块钱，一脸疲惫，不愧是中年男人谋生的铁人三项。会不会有命赚没命花呀？[笑哭R]#网约车司机[话题]# #中年老登[话题]# #中年男人日常[话题]# #中年男人失业[话题]# #为生活奔波[话题]#,687476ae000000001e00b7ef,momo,https://sns-avatar-qc.xhscdn.com/avatar/1040g2jo31tgae8nn626g5q3keqn7hdvfthbv8io,AB0Nd-Uy_lu0cQmwZlPKfrcwELQAUNnF7-tyClRcNApJs=,,,http://sns-webpic-qc.xhscdn.com/202606181015/57ad939364905c693da969dd0a24393e/1040g008321gsudcs7ad05q3keqn7hdvfge820v0!nd_prv_wlteh_webp_3,http://sns-webpic-qc.xhscdn.com/202606181015/69e489dda2c536f1767da81e810ea259/1040g008321gsudcs7ad05q3keqn7hdvfge820v0!nd_dft_wlteh_webp_3,{},False,,1080,1440,WB_PRV,http://sns-webpic-qc.xhscdn.com/202606181015/57ad939364905c693da969dd0a24393e/1040g008321gsudcs7ad05q3keqn7hdvfge820v0!nd_prv_wlteh_webp_3,WB_DFT,http://sns-webpic-qc.xhscdn.com/202606181015/69e489dda2c536f1767da81e810ea259/1040g008321gsudcs7ad05q3keqn7hdvfge820v0!nd_dft_wlteh_webp_3,5cd7954d000000000d01697b,网约车司机,topic,[],中年老登在北京跑网约车,,False,none,False,5,False,1,17,1781687894000,北京,False,6a326655000000001702a2fb,1781748930005,,"{""cursor_score"":"""",""items"":[{""id"":""6a326655000000001702a2fb"",""model_type"":""note"",""note_card"":{""type"":""video"",""title"":""中年老登在北京跑网约车"",""user"":{""avatar"":""https://sns-avatar-qc.xhscdn.com/avatar/1040g2jo31tgae8nn626g5q3keqn7hdvfthbv8io"",""xsec_token"":""AB0Nd-Uy_lu0cQmwZlPKfrcwELQAUNnF7-tyClRcNApJs="",""user_id"":""687476ae000000001e00b7ef"",""nickname"":""momo""},""image_list"":[{""file_id"":"""",""trace_id"":"""",""url_default"":""http://sns-webpic-qc.xhscdn.com/202606181015/69e489dda2c536f1767da81e810ea259/1040g008321gsudcs7ad05q3keqn7hdvfge820v0!nd_dft_wlteh_webp_3"",""stream"":{},""live_photo"":false,""height"":1440,""width"":1080,""url"":"""",""info_list"":[{""image_scene"":""WB_PRV"",""url"":""http://sns-webpic-qc.xhscdn.com/202606181015/57ad939364905c693da969dd0a24393e/1040g008321gsudcs7ad05q3keqn7hdvfge820v0!nd_prv_wlteh_webp_3""},{""image_scene"":""WB_DFT"",""url"":""http://sns-webpic-qc.xhscdn.com/202606181015/69e489dda2c536f1767da81e810ea259/1040g008321gsudcs7ad05q3keqn7hdvfge820v0!nd_dft_wlteh_webp_3""}],""url_pre"":""http://sns-webpic-qc.xhscdn.com/202606181015/57ad939364905c693da969dd0a24393e/1040g008321gsudcs7ad05q3keqn7hdvfge820v0!nd_prv_wlteh_webp_3""}],""video"":{""media_v2"":""{\""video_id\"":\""137978153652352046\"",\""video\"":{\""biz_name\"":110,\""biz_id\"":\""282093341764395771\"",\""duration\"":203,\""md5\"":\""3c98a3d471e28fc3895081152ae65eb1\"",\""hdr_type\"":0,\""drm_type\"":0,\""stream_types\"":[309,301,259],\""width\"":1080,\""height\"":1680,\""bound\"":[{\""x\"":0,\""y\"":0,\""w\"":0,\""h\"":0}],\""bbox\"":{\""ocr_v5\"":[{\""x\"":0,\""y\"":0,\""w\"":0,\""h\"":0}],\""ocr_v3\"":[{\""x\"":224,\""y\"":1381,\""w\"":645,\""h\"":84}],\""ocr_v4\"":[{\""x\"":0,\""y\"":0,\""w\"":0,\""h\"":0}],\""ocr_v2\"":[{\""x\"":154,\""y\"":35,\""w\"":764,\""h\"":1430}]},\""opaque1\"":{\""bottomAvgLuma\"":\""86\"",\""loudnorm\"":\""{\\\""lra\\\"":10.3,\\\""htp\\\"":-4.58,\\\""hldn\\\"":-21.83,\\\""ldn\\\"":-20.4,\\\""thr\\\"":-31.37}\"",\""hasHumanVoice\"":\""true\"",\""topAvgLuma\"":\""137\"",\""domestic\"":\""1\"",\""isSupportSubtitle\"":\""true\"",\""rightAvgLuma\"":\""77\"",\""videoLanguage\"":\""[\\\""zh-CN\\\""]\"",\""audioLevInfo\"":\""{\\\""audio_quality_level\\\"":\\\""G\\\"",\\\""mos_overall\\\"":3.0283,\\\""version\\\"":\\\""3.0\\\""}\"",\""weakNetUserFlag\"":\""1\"",\""insertSubtitleLanguages\"":\""[\\\""zh-CN\\\""]\"",\""audioClsInfo\"":\""{\\\""music_ratio\\\"":0.8946393668620082,\\\""freesound_ratio\\\"":0.20321337302561002,\\\""speech_ratio\\\"":0.7751639182383306}\""},\""subtitles\"":{\""en-US\"":[{\""url\"":\""https://sns-subtitle-s2.xhscdn.com/subtitle/1/110/1/01ea32665336742e010370039ed4e0030f_12.srt?sign=72ce5a9876c8c678a9eb2655d10308cd&t=6A37F201\"",\""language\"":\""en-US\"",\""format\"":0,\""type\"":0}],\""source\"":[{\""url\"":\""https://sns-subtitle-s2.xhscdn.com/subtitle/1/110/1/01ea32665336742e010370039ed4dff89c_1.srt?sign=3c0dd3099eaebac18c69f34f765bb429&t=6A37F201\"",\""language\"":\""zh-CN\"",\""format\"":0,\""type\"":0}],\""zh-CN\"":[{\""url\"":\""https://sns-subtitle-s2.xhscdn.com/subtitle/1/110/1/01ea32665336742e010370039ed4dff976_11.srt?sign=f1bfdf4fe94f3a1aed798ce0af20b12d&t=6A37F201\"",\""language\"":\""zh-CN\"",\""format\"":0,\""type\"":0}]}},\""stream\"":{\""h264\"":[{\""stream_type\"":259,\""stream_desc\"":\""WM_X264_MP4_web\"",\""default_stream\"":0,\""format\"":\""mp4\"",\""width\"":720,\""height\"":1120,\""duration\"":203000,\""size\"":20138907,\""volume\"":0.0,\""avg_bitrate\"":793651,\""fps\"":30,\""video_codec\"":\""h264\"",\""video_bitrate\"":724039,\""video_duration\"":203000,\""audio_codec\"":\""aac\"",\""audio_bitrate\"":64040,\""audio_duration\"":199936,\""audio_channels\"":2,\""rotate\"":0,\""master_url\"":\""http://sns-video-v6.xhscdn.com/stream/1/110/259/01ea32665336742e010370039ed4e14cc8_259.mp4?sign=65707bab089aa05323b67c6cee559dbe&t=6a37f201\"",\""backup_urls\"":[\""http://sns-bak-v1.xhscdn.com/stream/1/110/259/01ea32665336742e010370039ed4e14cc8_259.mp4\""],\""hdr_type\"":0,\""vmaf\"":-1.0,\""psnr\"":0.0,\""ssim\"":0.0,\""weight\"":62,\""quality_type\"":\""HD\"",\""sr\"":0,\""opaque1\"":{\""pcdn_302_flag\"":\""false\"",\""didLoudnorm\"":\""false\"",\""pcdn_supplier\"":\""\""}}],\""h265\"":[{\""stream_type\"":309,\""stream_desc\"":\""X265_MP4_WEB_309\"",\""default_stream\"":0,\""format\"":\""mp4\"",\""width\"":720,\""height\"":1120,\""duration\"":203001,\""size\"":14479845,\""volume\"":0.0,\""avg_bitrate\"":570631,\""fps\"":30,\""video_codec\"":\""hevc\"",\""video_bitrate\"":467931,\""video_duration\"":203000,\""audio_codec\"":\""aac\"",\""audio_bitrate\"":96016,\""audio_duration\"":203000,\""audio_channels\"":2,\""rotate\"":0,\""master_url\"":\""http://sns-video-v6.xhscdn.com/stream/1/110/309/01ea32665336742e010370019ed4e2a938_309.mp4?sign=1aa3fb521d58a3799cd969a2f42f12ac&t=6a37f201\"",\""backup_urls\"":[\""http://sns-bak-v1.xhscdn.com/stream/1/110/309/01ea32665336742e010370019ed4e2a938_309.mp4\""],\""hdr_type\"":0,\""vmaf\"":-1.0,\""psnr\"":44.540000915527344,\""ssim\"":0.0,\""weight\"":62,\""quality_type\"":\""HD\"",\""sr\"":0,\""opaque1\"":{\""pcdn_302_flag\"":\""false\"",\""didLoudnorm\"":\""false\"",\""pcdn_supplier\"":\""\""}},{\""stream_type\"":301,\""stream_desc\"":\""X265_MP4_WEB_301\"",\""default_stream\"":0,\""format\"":\""mp4\"",\""width\"":1080,\""height\"":1680,\""duration\"":203001,\""size\"":16603126,\""volume\"":0.0,\""avg_bitrate\"":654307,\""fps\"":30,\""video_codec\"":\""hevc\"",\""video_bitrate\"":551607,\""video_duration\"":203000,\""audio_codec\"":\""aac\"",\""audio_bitrate\"":96016,\""audio_duration\"":203000,\""audio_channels\"":2,\""rotate\"":0,\""master_url\"":\""http://sns-video-v6.xhscdn.com/stream/1/110/301/01ea32665336742e010370019ed4e68349_301.mp4?sign=d9e033bd1896f0ca88125e2f21e90e40&t=6a37f201\"",\""backup_urls\"":[\""http://sns-bak-v1.xhscdn.com/stream/1/110/301/01ea32665336742e010370019ed4e68349_301.mp4\""],\""hdr_type\"":0,\""vmaf\"":-1.0,\""psnr\"":44.36399841308594,\""ssim\"":0.0,\""weight\"":62,\""quality_type\"":\""HD\"",\""sr\"":0,\""opaque1\"":{\""pcdn_302_flag\"":\""false\"",\""didLoudnorm\"":\""false\"",\""pcdn_supplier\"":\""\""}}],\""h266\"":[],\""av1\"":[]},\""user_level\"":0}"",""media"":{""video_id"":137978153652352046,""video"":{""drm_type"":0,""stream_types"":[309,301,259],""biz_name"":110,""biz_id"":""282093341764395771"",""duration"":203,""md5"":""3c98a3d471e28fc3895081152ae65eb1"",""hdr_type"":0},""stream"":{""h265"":[{""default_stream"":0,""width"":720,""quality_type"":""HD"",""size"":14479845,""audio_channels"":2,""master_url"":""http://sns-video-v6.xhscdn.com/stream/1/110/309/01ea32665336742e010370019ed4e2a938_309.mp4?sign=1aa3fb521d58a3799cd969a2f42f12ac&t=6a37f201"",""ssim"":0,""video_bitrate"":467931,""audio_bitrate"":96016,""stream_desc"":""X265_MP4_WEB_309"",""duration"":203001,""audio_codec"":""aac"",""stream_type"":309,""avg_bitrate"":570631,""backup_urls"":[""http://sns-bak-v1.xhscdn.com/stream/1/110/309/01ea32665336742e010370019ed4e2a938_309.mp4""],""volume"":0,""vmaf"":-1,""psnr"":44.540000915527344,""format"":""mp4"",""height"":1120,""rotate"":0,""hdr_type"":0,""fps"":30,""video_codec"":""hevc"",""video_duration"":203000,""audio_duration"":203000,""weight"":62},{""avg_bitrate"":654307,""weight"":62,""volume"":0,""fps"":30,""video_bitrate"":551607,""audio_bitrate"":96016,""audio_duration"":203000,""master_url"":""http://sns-video-v6.xhscdn.com/stream/1/110/301/01ea32665336742e010370019ed4e68349_301.mp4?sign=d9e033bd1896f0ca88125e2f21e90e40&t=6a37f201"",""default_stream"":0,""format"":""mp4"",""video_codec"":""hevc"",""video_duration"":203000,""audio_channels"":2,""height"":1680,""size"":16603126,""audio_codec"":""aac"",""rotate"":0,""width"":1080,""quality_type"":""HD"",""stream_desc"":""X265_MP4_WEB_301"",""vmaf"":-1,""psnr"":44.36399841308594,""stream_type"":301,""backup_urls"":[""http://sns-bak-v1.xhscdn.com/stream/1/110/301/01ea32665336742e010370019ed4e68349_301.mp4""],""hdr_type"":0,""ssim"":0,""duration"":203001}],""h266"":[],""av1"":[],""h264"":[{""avg_bitrate"":793651,""fps"":30,""video_bitrate"":724039,""video_duration"":203000,""audio_duration"":199936,""master_url"":""http://sns-video-v6.xhscdn.com/stream/1/110/259/01ea32665336742e010370039ed4e14cc8_259.mp4?sign=65707bab089aa05323b67c6cee559dbe&t=6a37f201"",""hdr_type"":0,""height"":1120,""size"":20138907,""audio_channels"":2,""psnr"":0,""video_codec"":""h264"",""rotate"":0,""backup_urls"":[""http://sns-bak-v1.xhscdn.com/stream/1/110/259/01ea32665336742e010370039ed4e14cc8_259.mp4""],""default_stream"":0,""ssim"":0,""weight"":62,""quality_type"":""HD"",""stream_desc"":""WM_X264_MP4_web"",""width"":720,""audio_codec"":""aac"",""volume"":0,""stream_type"":259,""format"":""mp4"",""duration"":203000,""audio_bitrate"":64040,""vmaf"":-1}]}},""image"":{""first_frame_fileid"":""110/0/01ea32665336742e0010000000019ed4dfc56a_0.jpg"",""thumbnail_fileid"":""frame/110/0/01ea32665336742e0010000000019ed4e026f9_0.webp""},""capa"":{""duration"":203}},""desc"":""中年老登在北京跑网约车，一天在线10小时，收入600多块钱，一脸疲惫，不愧是中年男人谋生的铁人三项。会不会有命赚没命花呀？[笑哭R]#网约车司机[话题]# #中年老登[话题]# #中年男人日常[话题]# #中年男人失业[话题]# #为生活奔波[话题]#"",""tag_list"":[{""id"":""5cd7954d000000000d01697b"",""name"":""网约车司机"",""type"":""topic""},{""id"":""65800bd1000000002c00a0cf"",""name"":""中年老登"",""type"":""topic""},{""id"":""641126ec000000001803caa6"",""name"":""中年男人日常"",""type"":""topic""},{""name"":""中年男人失业"",""type"":""topic"",""id"":""64ad605d0000000037019018""},{""id"":""614bd6870000000001005930"",""name"":""为生活奔波"",""type"":""topic""}],""time"":1781687893000,""last_update_time"":1781687894000,""ip_location"":""北京"",""share_info"":{""un_share"":false},""interact_info"":{""collected_count"":""1"",""comment_count"":""17"",""share_count"":"""",""followed"":false,""relation"":""none"",""liked"":false,""liked_count"":""5"",""collected"":false},""note_id"":""6a326655000000001702a2fb"",""at_user_list"":[]}}],""current_time"":1781748930005}",,"{""video_id"":""137978153652352046"",""video"":{""biz_name"":110,""biz_id"":""282093341764395771"",""duration"":203,""md5"":""3c98a3d471e28fc3895081152ae65eb1"",""hdr_type"":0,""drm_type"":0,""stream_types"":[309,301,259],""width"":1080,""height"":1680,""bound"":[{""x"":0,""y"":0,""w"":0,""h"":0}],""bbox"":{""ocr_v5"":[{""x"":0,""y"":0,""w"":0,""h"":0}],""ocr_v3"":[{""x"":224,""y"":1381,""w"":645,""h"":84}],""ocr_v4"":[{""x"":0,""y"":0,""w"":0,""h"":0}],""ocr_v2"":[{""x"":154,""y"":35,""w"":764,""h"":1430}]},""opaque1"":{""bottomAvgLuma"":""86"",""loudnorm"":""{\""lra\"":10.3,\""htp\"":-4.58,\""hldn\"":-21.83,\""ldn\"":-20.4,\""thr\"":-31.37}"",""hasHumanVoice"":""true"",""topAvgLuma"":""137"",""domestic"":""1"",""isSupportSubtitle"":""true"",""rightAvgLuma"":""77"",""videoLanguage"":""[\""zh-CN\""]"",""audioLevInfo"":""{\""audio_quality_level\"":\""G\"",\""mos_overall\"":3.0283,\""version\"":\""3.0\""}"",""weakNetUserFlag"":""1"",""insertSubtitleLanguages"":""[\""zh-CN\""]"",""audioClsInfo"":""{\""music_ratio\"":0.8946393668620082,\""freesound_ratio\"":0.20321337302561002,\""speech_ratio\"":0.7751639182383306}""},""subtitles"":{""en-US"":[{""url"":""https://sns-subtitle-s2.xhscdn.com/subtitle/1/110/1/01ea32665336742e010370039ed4e0030f_12.srt?sign=72ce5a9876c8c678a9eb2655d10308cd&t=6A37F201"",""language"":""en-US"",""format"":0,""type"":0}],""source"":[{""url"":""https://sns-subtitle-s2.xhscdn.com/subtitle/1/110/1/01ea32665336742e010370039ed4dff89c_1.srt?sign=3c0dd3099eaebac18c69f34f765bb429&t=6A37F201"",""language"":""zh-CN"",""format"":0,""type"":0}],""zh-CN"":[{""url"":""https://sns-subtitle-s2.xhscdn.com/subtitle/1/110/1/01ea32665336742e010370039ed4dff976_11.srt?sign=f1bfdf4fe94f3a1aed798ce0af20b12d&t=6A37F201"",""language"":""zh-CN"",""format"":0,""type"":0}]}},""stream"":{""h264"":[{""stream_type"":259,""stream_desc"":""WM_X264_MP4_web"",""default_stream"":0,""format"":""mp4"",""width"":720,""height"":1120,""duration"":203000,""size"":20138907,""volume"":0.0,""avg_bitrate"":793651,""fps"":30,""video_codec"":""h264"",""video_bitrate"":724039,""video_duration"":203000,""audio_codec"":""aac"",""audio_bitrate"":64040,""audio_duration"":199936,""audio_channels"":2,""rotate"":0,""master_url"":""http://sns-video-v6.xhscdn.com/stream/1/110/259/01ea32665336742e010370039ed4e14cc8_259.mp4?sign=65707bab089aa05323b67c6cee559dbe&t=6a37f201"",""backup_urls"":[""http://sns-bak-v1.xhscdn.com/stream/1/110/259/01ea32665336742e010370039ed4e14cc8_259.mp4""],""hdr_type"":0,""vmaf"":-1.0,""psnr"":0.0,""ssim"":0.0,""weight"":62,""quality_type"":""HD"",""sr"":0,""opaque1"":{""pcdn_302_flag"":""false"",""didLoudnorm"":""false"",""pcdn_supplier"":""""}}],""h265"":[{""stream_type"":309,""stream_desc"":""X265_MP4_WEB_309"",""default_stream"":0,""format"":""mp4"",""width"":720,""height"":1120,""duration"":203001,""size"":14479845,""volume"":0.0,""avg_bitrate"":570631,""fps"":30,""video_codec"":""hevc"",""video_bitrate"":467931,""video_duration"":203000,""audio_codec"":""aac"",""audio_bitrate"":96016,""audio_duration"":203000,""audio_channels"":2,""rotate"":0,""master_url"":""http://sns-video-v6.xhscdn.com/stream/1/110/309/01ea32665336742e010370019ed4e2a938_309.mp4?sign=1aa3fb521d58a3799cd969a2f42f12ac&t=6a37f201"",""backup_urls"":[""http://sns-bak-v1.xhscdn.com/stream/1/110/309/01ea32665336742e010370019ed4e2a938_309.mp4""],""hdr_type"":0,""vmaf"":-1.0,""psnr"":44.540000915527344,""ssim"":0.0,""weight"":62,""quality_type"":""HD"",""sr"":0,""opaque1"":{""pcdn_302_flag"":""false"",""didLoudnorm"":""false"",""pcdn_supplier"":""""}},{""stream_type"":301,""stream_desc"":""X265_MP4_WEB_301"",""default_stream"":0,""format"":""mp4"",""width"":1080,""height"":1680,""duration"":203001,""size"":16603126,""volume"":0.0,""avg_bitrate"":654307,""fps"":30,""video_codec"":""hevc"",""video_bitrate"":551607,""video_duration"":203000,""audio_codec"":""aac"",""audio_bitrate"":96016,""audio_duration"":203000,""audio_channels"":2,""rotate"":0,""master_url"":""http://sns-video-v6.xhscdn.com/stream/1/110/301/01ea32665336742e010370019ed4e68349_301.mp4?sign=d9e033bd1896f0ca88125e2f21e90e40&t=6a37f201"",""backup_urls"":[""http://sns-bak-v1.xhscdn.com/stream/1/110/301/01ea32665336742e010370019ed4e68349_301.mp4""],""hdr_type"":0,""vmaf"":-1.0,""psnr"":44.36399841308594,""ssim"":0.0,""weight"":62,""quality_type"":""HD"",""sr"":0,""opaque1"":{""pcdn_302_flag"":""false"",""didLoudnorm"":""false"",""pcdn_supplier"":""""}}],""h266"":[],""av1"":[]},""user_level"":0}",137978153652352046,0,309,301,259,110,282093341764395771,203,3c98a3d471e28fc3895081152ae65eb1,0,0,720,HD,14479845,2,http://sns-video-v6.xhscdn.com/stream/1/110/309/01ea32665336742e010370019ed4e2a938_309.mp4?sign=1aa3fb521d58a3799cd969a2f42f12ac&t=6a37f201,0,467931,96016,X265_MP4_WEB_309,203001,aac,309,570631,http://sns-bak-v1.xhscdn.com/stream/1/110/309/01ea32665336742e010370019ed4e2a938_309.mp4,0,-1,44.540000915527344,mp4,1120,0,0,30,hevc,203000,203000,62,654307,62,0,30,551607,96016,203000,http://sns-video-v6.xhscdn.com/stream/1/110/301/01ea32665336742e010370019ed4e68349_301.mp4?sign=d9e033bd1896f0ca88125e2f21e90e40&t=6a37f201,0,mp4,hevc,203000,2,1680,16603126,aac,0,1080,HD,X265_MP4_WEB_301,-1,44.36399841308594,301,http://sns-bak-v1.xhscdn.com/stream/1/110/301/01ea32665336742e010370019ed4e68349_301.mp4,0,0,203001,[],[],793651,30,724039,203000,199936,http://sns-video-v6.xhscdn.com/stream/1/110/259/01ea32665336742e010370039ed4e14cc8_259.mp4?sign=65707bab089aa05323b67c6cee559dbe&t=6a37f201,0,1120,20138907,2,0,h264,0,http://sns-bak-v1.xhscdn.com/stream/1/110/259/01ea32665336742e010370039ed4e14cc8_259.mp4,0,0,62,HD,WM_X264_MP4_web,720,aac,0,259,mp4,203000,64040,-1,110/0/01ea32665336742e0010000000019ed4dfc56a_0.jpg,frame/110/0/01ea32665336742e0010000000019ed4e026f9_0.webp,203,65800bd1000000002c00a0cf,中年老登,topic,641126ec000000001803caa6,中年男人日常,topic,中年男人失业,topic,64ad605d0000000037019018,614bd6870000000001005930,为生活奔波,topic,,,,,,,,,,,,
滴滴司机,https://www.xiaohongshu.com/search_result_ai?keyword=%E6%BB%B4%E6%BB%B4%E5%8F%B8%E6%9C%BA&source=web_explore_feed,66,4,综合,不限,一天内,未看过,不限,https://www.xiaohongshu.com/search_result_ai?keyword=%E6%BB%B4%E6%BB%B4%E5%8F%B8%E6%9C%BA&source=web_explore_feed&type=51,"综合,一天内,未看过",,https://www.xiaohongshu.com/search_result/6a32c76c0000000015025d72?xsec_token=ABNV3U1l6kOI0X3OTrYVszJLTueTYGeNkt11nr61osVg0=&xsec_source=,6a32c76c0000000015025d72,,滴滴行程已开启，司机可以直接取消订单的吗,"mono
9小时前",note,1781712748000,6a32c76c0000000015025d72,normal,"打了个一口价的快车，一上车司机就问我付了多少钱，实话实讲了，司机觉得自己的实收低了很多，就开始吐槽说自己明明接的是实时单，怎么可能是一口价？把我问蒙了
	
正常都是为了省点钱打一口价，有司机接单了就坐车，作为消费者肯定是能省则省，接下来司机就边开车边开骂（注意:这里骂的是滴滴平台，不过听起来也是有点恶心乘客，觉得一口价是贪便宜一样[微笑R]）
	
上车了有两三分钟后，师傅就开始疯狂打电话跟滴滴平台客服沟通，很凶的表示自己是接实时价的单，怎么给他派了一口价，跟滴滴客服掰扯了几分钟，平台客服没妥协，司机很硬气的强调那就取消订单，让你平台也赚不到提成，我不管你平台怎么扣分，乱搞我就直接取消订单[生气R][生气R]。。此时外面下着大雨，我心理一直打鼓不会真的把我半路扔下吧❗❗❗
	
PS:17:34上车，司机17:47把平台的单关闭了，下车后把实付的金额给了师傅，坐车的前半个小时司机骂骂咧咧的，真的有够吓人的[再见R][再见R]
	
[叹气R]第一次知道滴滴上车了司机还可以关闭订单，想知道这种情况怎么维护消费者权益，要是遇到暴怒的司机直接中途丢你下车，不敢想象#网约车[话题]# #滴滴出行维权[话题]# #出租车[话题]# @滴滴美好出发 @滴滴出行客服",630ef5760000000012001864,mono,https://sns-avatar-qc.xhscdn.com/avatar/1040g2jo310c650mamc005ooeulr4g634s53v4eg,ABznwhpPEY2od_B1kTTChKWO2UF320hpTUGfMU1ywZZuY=,,,http://sns-webpic-qc.xhscdn.com/202606181015/ac6d320ec281f2de9447aeb313736958/notes_pre_post/1040g3k0321h8bmrrna0g5ooeulr4g634lkiggjg!nd_prv_wlteh_webp_3,http://sns-webpic-qc.xhscdn.com/202606181015/e8028ec9134782baa6bb5ea8b424c8e8/notes_pre_post/1040g3k0321h8bmrrna0g5ooeulr4g634lkiggjg!nd_dft_wlteh_webp_3,{},False,,1180,2184,WB_PRV,http://sns-webpic-qc.xhscdn.com/202606181015/ac6d320ec281f2de9447aeb313736958/notes_pre_post/1040g3k0321h8bmrrna0g5ooeulr4g634lkiggjg!nd_prv_wlteh_webp_3,WB_DFT,http://sns-webpic-qc.xhscdn.com/202606181015/e8028ec9134782baa6bb5ea8b424c8e8/notes_pre_post/1040g3k0321h8bmrrna0g5ooeulr4g634lkiggjg!nd_dft_wlteh_webp_3,5c3584bf000000000f0038bc,网约车,topic,,滴滴行程已开启，司机可以直接取消订单的吗,,False,none,False,,False,,4,1781713241000,广东,False,6a32c76c0000000015025d72,1781748954735,,"{""cursor_score"":"""",""items"":[{""id"":""6a32c76c0000000015025d72"",""model_type"":""note"",""note_card"":{""type"":""normal"",""desc"":""打了个一口价的快车，一上车司机就问我付了多少钱，实话实讲了，司机觉得自己的实收低了很多，就开始吐槽说自己明明接的是实时单，怎么可能是一口价？把我问蒙了\n\t\n正常都是为了省点钱打一口价，有司机接单了就坐车，作为消费者肯定是能省则省，接下来司机就边开车边开骂（注意:这里骂的是滴滴平台，不过听起来也是有点恶心乘客，觉得一口价是贪便宜一样[微笑R]）\n\t\n上车了有两三分钟后，师傅就开始疯狂打电话跟滴滴平台客服沟通，很凶的表示自己是接实时价的单，怎么给他派了一口价，跟滴滴客服掰扯了几分钟，平台客服没妥协，司机很硬气的强调那就取消订单，让你平台也赚不到提成，我不管你平台怎么扣分，乱搞我就直接取消订单[生气R][生气R]。。此时外面下着大雨，我心理一直打鼓不会真的把我半路扔下吧❗❗❗\n\t\nPS:17:34上车，司机17:47把平台的单关闭了，下车后把实付的金额给了师傅，坐车的前半个小时司机骂骂咧咧的，真的有够吓人的[再见R][再见R]\n\t\n[叹气R]第一次知道滴滴上车了司机还可以关闭订单，想知道这种情况怎么维护消费者权益，要是遇到暴怒的司机直接中途丢你下车，不敢想象#网约车[话题]# #滴滴出行维权[话题]# #出租车[话题]# @滴滴美好出发 @滴滴出行客服"",""tag_list"":[{""id"":""5c3584bf000000000f0038bc"",""name"":""网约车"",""type"":""topic""},{""id"":""66860764000000000202c43b"",""name"":""滴滴出行维权"",""type"":""topic""},{""id"":""5c3c4acd000000000e033fbb"",""name"":""出租车"",""type"":""topic""}],""last_update_time"":1781713241000,""ip_location"":""广东"",""share_info"":{""un_share"":false},""note_id"":""6a32c76c0000000015025d72"",""title"":""滴滴行程已开启，司机可以直接取消订单的吗"",""user"":{""user_id"":""630ef5760000000012001864"",""nickname"":""mono"",""avatar"":""https://sns-avatar-qc.xhscdn.com/avatar/1040g2jo310c650mamc005ooeulr4g634s53v4eg"",""xsec_token"":""ABznwhpPEY2od_B1kTTChKWO2UF320hpTUGfMU1ywZZuY=""},""interact_info"":{""collected_count"":"""",""comment_count"":""4"",""share_count"":"""",""followed"":false,""relation"":""none"",""liked"":false,""liked_count"":"""",""collected"":false},""image_list"":[{""url_default"":""http://sns-webpic-qc.xhscdn.com/202606181015/e8028ec9134782baa6bb5ea8b424c8e8/notes_pre_post/1040g3k0321h8bmrrna0g5ooeulr4g634lkiggjg!nd_dft_wlteh_webp_3"",""stream"":{},""file_id"":"""",""width"":1180,""url"":"""",""info_list"":[{""image_scene"":""WB_PRV"",""url"":""http://sns-webpic-qc.xhscdn.com/202606181015/ac6d320ec281f2de9447aeb313736958/notes_pre_post/1040g3k0321h8bmrrna0g5ooeulr4g634lkiggjg!nd_prv_wlteh_webp_3""},{""url"":""http://sns-webpic-qc.xhscdn.com/202606181015/e8028ec9134782baa6bb5ea8b424c8e8/notes_pre_post/1040g3k0321h8bmrrna0g5ooeulr4g634lkiggjg!nd_dft_wlteh_webp_3"",""image_scene"":""WB_DFT""}],""url_pre"":""http://sns-webpic-qc.xhscdn.com/202606181015/ac6d320ec281f2de9447aeb313736958/notes_pre_post/1040g3k0321h8bmrrna0g5ooeulr4g634lkiggjg!nd_prv_wlteh_webp_3"",""height"":2184,""trace_id"":"""",""live_photo"":false}],""at_user_list"":[{""user_id"":""5b00200ee8ac2b4e8b97b408"",""nickname"":""滴滴美好出发"",""xsec_token"":""ABA8u8mNMoi6f73YeiZDoY1EsE9VXLoQHDPjIrs9yL1Ws=""},{""user_id"":""61b2e3b8000000001000b65a"",""nickname"":""滴滴出行客服"",""xsec_token"":""ABVvFcK_3c6uLbstEyZA3gS-SV_yfQdkPUanNpq2tft3E=""}],""time"":1781712748000}}],""current_time"":1781748954735}",,,,,,,,,,,,,,,,,,,,,,,,,,,,,,,,,,,,,,,,,,,,,,,,,,,,,,,,,,,,,,,,,,,,,,,,,,,,,,,,,,,,,,,,,,,,,,,,,,,66860764000000000202c43b,滴滴出行维权,topic,5c3c4acd000000000e033fbb,出租车,topic,,,,,,,5b00200ee8ac2b4e8b97b408,滴滴美好出发,ABA8u8mNMoi6f73YeiZDoY1EsE9VXLoQHDPjIrs9yL1Ws=,61b2e3b8000000001000b65a,滴滴出行客服,ABVvFcK_3c6uLbstEyZA3gS-SV_yfQdkPUanNpq2tft3E=,,,,,,
滴滴司机,https://www.xiaohongshu.com/search_result_ai?keyword=%E6%BB%B4%E6%BB%B4%E5%8F%B8%E6%9C%BA&source=web_explore_feed,72,5,综合,不限,一天内,未看过,不限,https://www.xiaohongshu.com/search_result_ai?keyword=%E6%BB%B4%E6%BB%B4%E5%8F%B8%E6%9C%BA&source=web_explore_feed&type=51,"综合,一天内,未看过",,https://www.xiaohongshu.com/search_result/6a335132000000000f01eaf7?xsec_token=AB3oib7tH48MvQDiWXZFlvVXN3IjxlRWUhHrKDKIfGyOY=&xsec_source=,6a335132000000000f01eaf7,,,"家敏
12分钟前",note,1781748018000,6a335132000000000f01eaf7,video,"当我看到滴滴司机太胖了，就像卡在驾驶位的时候
#健康生活[话题]#
#饮食与情绪的威力[话题]# #人如其食[话题]# #认知[话题]# #育儿[话题]# #养生[话题]# #逻辑[话题]#",5b497241e8ac2b4579ac45cd,家敏,https://sns-avatar-qc.xhscdn.com/avatar/655ea1b576c315cd114b9bd5.jpg,ABpe-r03PZv8PmVjFkWchT9z25i3UrgU-QWMwYHStVqvg=,,,http://sns-webpic-qc.xhscdn.com/202606181016/46e33cdfe154c78283c70d04d23a0d3c/1040g2sg321hpsp846u704a74ndp42hed8dj44p8!nd_prv_wlteh_webp_3,http://sns-webpic-qc.xhscdn.com/202606181016/1a257607992b5ee6d149ccdd4974cbf6/1040g2sg321hpsp846u704a74ndp42hed8dj44p8!nd_dft_wlteh_webp_3,{},False,,720,1280,WB_PRV,http://sns-webpic-qc.xhscdn.com/202606181016/46e33cdfe154c78283c70d04d23a0d3c/1040g2sg321hpsp846u704a74ndp42hed8dj44p8!nd_prv_wlteh_webp_3,WB_DFT,http://sns-webpic-qc.xhscdn.com/202606181016/1a257607992b5ee6d149ccdd4974cbf6/1040g2sg321hpsp846u704a74ndp42hed8dj44p8!nd_dft_wlteh_webp_3,60481567000000000101fd80,健康生活,topic,[],,,False,none,False,,False,,,1781748018000,,False,6a335132000000000f01eaf7,1781748973441,,"{""cursor_score"":"""",""items"":[{""id"":""6a335132000000000f01eaf7"",""model_type"":""note"",""note_card"":{""video"":{""image"":{""thumbnail_fileid"":""frame/110/0/01ea3351313415930010000000019ed8759aef_0.webp""},""capa"":{""duration"":275},""media_v2"":""{\""video_id\"":\""137979162399085971\"",\""video\"":{\""biz_name\"":110,\""biz_id\"":\""282094350492363511\"",\""duration\"":276,\""md5\"":\""04ed8d1b276419e21dd1837ea940123a\"",\""hdr_type\"":0,\""drm_type\"":0,\""stream_types\"":[309,259],\""width\"":720,\""height\"":1280,\""bound\"":[{\""x\"":0,\""y\"":0,\""w\"":0,\""h\"":0}],\""bbox\"":{\""ocr_v5\"":[{\""x\"":0,\""y\"":0,\""w\"":0,\""h\"":0}],\""ocr_v3\"":[{\""x\"":42,\""y\"":408,\""w\"":608,\""h\"":596}],\""ocr_v4\"":[{\""x\"":0,\""y\"":0,\""w\"":0,\""h\"":0}],\""ocr_v2\"":[{\""x\"":42,\""y\"":408,\""w\"":608,\""h\"":662}]},\""opaque1\"":{\""loudnorm\"":\""{\\\""lra\\\"":6.4,\\\""htp\\\"":-11.41,\\\""hldn\\\"":-27.53,\\\""ldn\\\"":-22.71,\\\""thr\\\"":-33.92}\"",\""domestic\"":\""1\"",\""isSupportSubtitle\"":\""true\"",\""hasHumanVoice\"":\""true\"",\""videoLanguage\"":\""[\\\""zh-CN\\\""]\"",\""audioLevInfo\"":\""{\\\""audio_quality_level\\\"":\\\""E\\\"",\\\""mos_overall\\\"":3.9617,\\\""version\\\"":\\\""3.0\\\""}\"",\""weakNetUserFlag\"":\""1\"",\""insertSubtitleLanguages\"":\""[\\\""zh-CN\\\""]\"",\""audioClsInfo\"":\""{\\\""music_ratio\\\"":0.0,\\\""freesound_ratio\\\"":0.0,\\\""speech_ratio\\\"":0.9543368984256904}\""},\""subtitles\"":{\""en-US\"":[{\""url\"":\""https://sns-subtitle-s2.xhscdn.com/subtitle/1/110/1/01ea335131341593010370039ed87554ae_12.srt?sign=31b7a69229595a0f2e6d658e9e527d58&t=6A37F22D\"",\""language\"":\""en-US\"",\""format\"":0,\""type\"":0}],\""source\"":[{\""url\"":\""https://sns-subtitle-s2.xhscdn.com/subtitle/1/110/1/01ea335131341593010370039ed8754c29_1.srt?sign=260d7c0cdf69e5142b11dad1775d74bf&t=6A37F22D\"",\""language\"":\""zh-CN\"",\""format\"":0,\""type\"":0}],\""zh-CN\"":[{\""url\"":\""https://sns-subtitle-s2.xhscdn.com/subtitle/1/110/1/01ea335131341593010370039ed8754d2e_11.srt?sign=37d300bad481eae51aaa0b4b82250bbd&t=6A37F22D\"",\""language\"":\""zh-CN\"",\""format\"":0,\""type\"":0}]}},\""stream\"":{\""h264\"":[{\""stream_type\"":259,\""stream_desc\"":\""WM_X264_MP4_web\"",\""default_stream\"":0,\""format\"":\""mp4\"",\""width\"":720,\""height\"":1280,\""duration\"":275676,\""size\"":20555704,\""volume\"":0.0,\""avg_bitrate\"":596517,\""fps\"":29,\""video_codec\"":\""h264\"",\""video_bitrate\"":525930,\""video_duration\"":275675,\""audio_codec\"":\""aac\"",\""audio_bitrate\"":64032,\""audio_duration\"":275619,\""audio_channels\"":2,\""rotate\"":0,\""master_url\"":\""http://sns-video-v6.xhscdn.com/stream/79/110/259/01ea335131341593010370039ed878062a_259.mp4?sign=1015445a78e3b91b25c6b06dbed1571b&t=6a37f22d\"",\""backup_urls\"":[\""http://sns-bak-v1.xhscdn.com/stream/79/110/259/01ea335131341593010370039ed878062a_259.mp4\""],\""hdr_type\"":0,\""vmaf\"":-1.0,\""psnr\"":0.0,\""ssim\"":0.0,\""weight\"":62,\""quality_type\"":\""HD\"",\""sr\"":0,\""opaque1\"":{\""pcdn_302_flag\"":\""false\"",\""didLoudnorm\"":\""false\"",\""pcdn_supplier\"":\""\""}}],\""h265\"":[{\""stream_type\"":309,\""stream_desc\"":\""X265_MP4_WEB_309\"",\""default_stream\"":0,\""format\"":\""mp4\"",\""width\"":720,\""height\"":1280,\""duration\"":275676,\""size\"":30170705,\""volume\"":0.0,\""avg_bitrate\"":875540,\""fps\"":29,\""video_codec\"":\""hevc\"",\""video_bitrate\"":772957,\""video_duration\"":275675,\""audio_codec\"":\""aac\"",\""audio_bitrate\"":96000,\""audio_duration\"":275619,\""audio_channels\"":2,\""rotate\"":0,\""master_url\"":\""http://sns-video-v6.xhscdn.com/stream/79/110/309/01ea3351313415934f0370019ed877a129_309.mp4?sign=555ab10de06055f30eded03c11609013&t=6a37f22d\"",\""backup_urls\"":[\""http://sns-bak-v1.xhscdn.com/stream/79/110/309/01ea3351313415934f0370019ed877a129_309.mp4\""],\""hdr_type\"":0,\""vmaf\"":-1.0,\""psnr\"":44.98099899291992,\""ssim\"":0.0,\""weight\"":62,\""quality_type\"":\""HD\"",\""sr\"":0,\""opaque1\"":{\""pcdn_302_flag\"":\""false\"",\""didLoudnorm\"":\""false\"",\""pcdn_supplier\"":\""\""}}],\""h266\"":[],\""av1\"":[]},\""user_level\"":0}"",""media"":{""video_id"":137979162399085971,""video"":{""duration"":276,""md5"":""04ed8d1b276419e21dd1837ea940123a"",""hdr_type"":0,""drm_type"":0,""stream_types"":[309,259],""biz_name"":110,""biz_id"":""282094350492363511""},""stream"":{""av1"":[],""h264"":[{""audio_codec"":""aac"",""ssim"":0,""hdr_type"":0,""video_bitrate"":525930,""master_url"":""http://sns-video-v6.xhscdn.com/stream/79/110/259/01ea335131341593010370039ed878062a_259.mp4?sign=1015445a78e3b91b25c6b06dbed1571b&t=6a37f22d"",""size"":20555704,""psnr"":0,""weight"":62,""audio_bitrate"":64032,""backup_urls"":[""http://sns-bak-v1.xhscdn.com/stream/79/110/259/01ea335131341593010370039ed878062a_259.mp4""],""vmaf"":-1,""quality_type"":""HD"",""stream_type"":259,""video_codec"":""h264"",""avg_bitrate"":596517,""stream_desc"":""WM_X264_MP4_web"",""format"":""mp4"",""fps"":29,""video_duration"":275675,""audio_channels"":2,""rotate"":0,""default_stream"":0,""height"":1280,""volume"":0,""audio_duration"":275619,""width"":720,""duration"":275676}],""h265"":[{""fps"":29,""vmaf"":-1,""ssim"":0,""default_stream"":0,""duration"":275676,""avg_bitrate"":875540,""quality_type"":""HD"",""audio_channels"":2,""backup_urls"":[""http://sns-bak-v1.xhscdn.com/stream/79/110/309/01ea3351313415934f0370019ed877a129_309.mp4""],""height"":1280,""audio_duration"":275619,""hdr_type"":0,""weight"":62,""audio_bitrate"":96000,""width"":720,""size"":30170705,""video_duration"":275675,""audio_codec"":""aac"",""stream_desc"":""X265_MP4_WEB_309"",""format"":""mp4"",""volume"":0,""video_codec"":""hevc"",""psnr"":44.98099899291992,""rotate"":0,""master_url"":""http://sns-video-v6.xhscdn.com/stream/79/110/309/01ea3351313415934f0370019ed877a129_309.mp4?sign=555ab10de06055f30eded03c11609013&t=6a37f22d"",""stream_type"":309,""video_bitrate"":772957}],""h266"":[]}}},""last_update_time"":1781748018000,""desc"":""当我看到滴滴司机太胖了，就像卡在驾驶位的时候\n#健康生活[话题]#\n#饮食与情绪的威力[话题]# #人如其食[话题]# #认知[话题]# #育儿[话题]# #养生[话题]# #逻辑[话题]#"",""user"":{""avatar"":""https://sns-avatar-qc.xhscdn.com/avatar/655ea1b576c315cd114b9bd5.jpg"",""xsec_token"":""ABpe-r03PZv8PmVjFkWchT9z25i3UrgU-QWMwYHStVqvg="",""user_id"":""5b497241e8ac2b4579ac45cd"",""nickname"":""家敏""},""title"":"""",""interact_info"":{""comment_count"":"""",""share_count"":"""",""followed"":false,""relation"":""none"",""liked"":false,""liked_count"":"""",""collected"":false,""collected_count"":""""},""image_list"":[{""trace_id"":"""",""info_list"":[{""url"":""http://sns-webpic-qc.xhscdn.com/202606181016/46e33cdfe154c78283c70d04d23a0d3c/1040g2sg321hpsp846u704a74ndp42hed8dj44p8!nd_prv_wlteh_webp_3"",""image_scene"":""WB_PRV""},{""image_scene"":""WB_DFT"",""url"":""http://sns-webpic-qc.xhscdn.com/202606181016/1a257607992b5ee6d149ccdd4974cbf6/1040g2sg321hpsp846u704a74ndp42hed8dj44p8!nd_dft_wlteh_webp_3""}],""live_photo"":false,""url"":"""",""height"":1280,""width"":720,""url_pre"":""http://sns-webpic-qc.xhscdn.com/202606181016/46e33cdfe154c78283c70d04d23a0d3c/1040g2sg321hpsp846u704a74ndp42hed8dj44p8!nd_prv_wlteh_webp_3"",""url_default"":""http://sns-webpic-qc.xhscdn.com/202606181016/1a257607992b5ee6d149ccdd4974cbf6/1040g2sg321hpsp846u704a74ndp42hed8dj44p8!nd_dft_wlteh_webp_3"",""stream"":{},""file_id"":""""}],""tag_list"":[{""id"":""60481567000000000101fd80"",""name"":""健康生活"",""type"":""topic""},{""id"":""626f3a3f000000000100694a"",""name"":""饮食与情绪的威力"",""type"":""topic""},{""id"":""5e524e2f0000000001005a06"",""name"":""人如其食"",""type"":""topic""},{""id"":""57957a6fd5945f62b5586ca1"",""name"":""认知"",""type"":""topic""},{""id"":""54d2d8192e1d933f221d6e6e"",""name"":""育儿"",""type"":""topic""},{""id"":""5439f090d6e4a906be8e051a"",""name"":""养生"",""type"":""topic""},{""id"":""5cb5cc03000000000e01a6d5"",""name"":""逻辑"",""type"":""topic""}],""at_user_list"":[],""time"":1781748018000,""note_id"":""6a335132000000000f01eaf7"",""type"":""video"",""share_info"":{""un_share"":false}}}],""current_time"":1781748973441}",,"{""video_id"":""137979162399085971"",""video"":{""biz_name"":110,""biz_id"":""282094350492363511"",""duration"":276,""md5"":""04ed8d1b276419e21dd1837ea940123a"",""hdr_type"":0,""drm_type"":0,""stream_types"":[309,259],""width"":720,""height"":1280,""bound"":[{""x"":0,""y"":0,""w"":0,""h"":0}],""bbox"":{""ocr_v5"":[{""x"":0,""y"":0,""w"":0,""h"":0}],""ocr_v3"":[{""x"":42,""y"":408,""w"":608,""h"":596}],""ocr_v4"":[{""x"":0,""y"":0,""w"":0,""h"":0}],""ocr_v2"":[{""x"":42,""y"":408,""w"":608,""h"":662}]},""opaque1"":{""loudnorm"":""{\""lra\"":6.4,\""htp\"":-11.41,\""hldn\"":-27.53,\""ldn\"":-22.71,\""thr\"":-33.92}"",""domestic"":""1"",""isSupportSubtitle"":""true"",""hasHumanVoice"":""true"",""videoLanguage"":""[\""zh-CN\""]"",""audioLevInfo"":""{\""audio_quality_level\"":\""E\"",\""mos_overall\"":3.9617,\""version\"":\""3.0\""}"",""weakNetUserFlag"":""1"",""insertSubtitleLanguages"":""[\""zh-CN\""]"",""audioClsInfo"":""{\""music_ratio\"":0.0,\""freesound_ratio\"":0.0,\""speech_ratio\"":0.9543368984256904}""},""subtitles"":{""en-US"":[{""url"":""https://sns-subtitle-s2.xhscdn.com/subtitle/1/110/1/01ea335131341593010370039ed87554ae_12.srt?sign=31b7a69229595a0f2e6d658e9e527d58&t=6A37F22D"",""language"":""en-US"",""format"":0,""type"":0}],""source"":[{""url"":""https://sns-subtitle-s2.xhscdn.com/subtitle/1/110/1/01ea335131341593010370039ed8754c29_1.srt?sign=260d7c0cdf69e5142b11dad1775d74bf&t=6A37F22D"",""language"":""zh-CN"",""format"":0,""type"":0}],""zh-CN"":[{""url"":""https://sns-subtitle-s2.xhscdn.com/subtitle/1/110/1/01ea335131341593010370039ed8754d2e_11.srt?sign=37d300bad481eae51aaa0b4b82250bbd&t=6A37F22D"",""language"":""zh-CN"",""format"":0,""type"":0}]}},""stream"":{""h264"":[{""stream_type"":259,""stream_desc"":""WM_X264_MP4_web"",""default_stream"":0,""format"":""mp4"",""width"":720,""height"":1280,""duration"":275676,""size"":20555704,""volume"":0.0,""avg_bitrate"":596517,""fps"":29,""video_codec"":""h264"",""video_bitrate"":525930,""video_duration"":275675,""audio_codec"":""aac"",""audio_bitrate"":64032,""audio_duration"":275619,""audio_channels"":2,""rotate"":0,""master_url"":""http://sns-video-v6.xhscdn.com/stream/79/110/259/01ea335131341593010370039ed878062a_259.mp4?sign=1015445a78e3b91b25c6b06dbed1571b&t=6a37f22d"",""backup_urls"":[""http://sns-bak-v1.xhscdn.com/stream/79/110/259/01ea335131341593010370039ed878062a_259.mp4""],""hdr_type"":0,""vmaf"":-1.0,""psnr"":0.0,""ssim"":0.0,""weight"":62,""quality_type"":""HD"",""sr"":0,""opaque1"":{""pcdn_302_flag"":""false"",""didLoudnorm"":""false"",""pcdn_supplier"":""""}}],""h265"":[{""stream_type"":309,""stream_desc"":""X265_MP4_WEB_309"",""default_stream"":0,""format"":""mp4"",""width"":720,""height"":1280,""duration"":275676,""size"":30170705,""volume"":0.0,""avg_bitrate"":875540,""fps"":29,""video_codec"":""hevc"",""video_bitrate"":772957,""video_duration"":275675,""audio_codec"":""aac"",""audio_bitrate"":96000,""audio_duration"":275619,""audio_channels"":2,""rotate"":0,""master_url"":""http://sns-video-v6.xhscdn.com/stream/79/110/309/01ea3351313415934f0370019ed877a129_309.mp4?sign=555ab10de06055f30eded03c11609013&t=6a37f22d"",""backup_urls"":[""http://sns-bak-v1.xhscdn.com/stream/79/110/309/01ea3351313415934f0370019ed877a129_309.mp4""],""hdr_type"":0,""vmaf"":-1.0,""psnr"":44.98099899291992,""ssim"":0.0,""weight"":62,""quality_type"":""HD"",""sr"":0,""opaque1"":{""pcdn_302_flag"":""false"",""didLoudnorm"":""false"",""pcdn_supplier"":""""}}],""h266"":[],""av1"":[]},""user_level"":0}",137979162399085971,0,309,259,,110,282094350492363511,276,04ed8d1b276419e21dd1837ea940123a,0,0,720,HD,30170705,2,http://sns-video-v6.xhscdn.com/stream/79/110/309/01ea3351313415934f0370019ed877a129_309.mp4?sign=555ab10de06055f30eded03c11609013&t=6a37f22d,0,772957,96000,X265_MP4_WEB_309,275676,aac,309,875540,http://sns-bak-v1.xhscdn.com/stream/79/110/309/01ea3351313415934f0370019ed877a129_309.mp4,0,-1,44.98099899291992,mp4,1280,0,0,29,hevc,275675,275619,62,,,,,,,,,,,,,,,,,,,,,,,,,,,,[],[],596517,29,525930,275675,275619,http://sns-video-v6.xhscdn.com/stream/79/110/259/01ea335131341593010370039ed878062a_259.mp4?sign=1015445a78e3b91b25c6b06dbed1571b&t=6a37f22d,0,1280,20555704,2,0,h264,0,http://sns-bak-v1.xhscdn.com/stream/79/110/259/01ea335131341593010370039ed878062a_259.mp4,0,0,62,HD,WM_X264_MP4_web,720,aac,0,259,mp4,275676,64032,-1,,frame/110/0/01ea3351313415930010000000019ed8759aef_0.webp,275,626f3a3f000000000100694a,饮食与情绪的威力,topic,5e524e2f0000000001005a06,人如其食,topic,认知,topic,57957a6fd5945f62b5586ca1,54d2d8192e1d933f221d6e6e,育儿,topic,,,,,,,5439f090d6e4a906be8e051a,养生,topic,5cb5cc03000000000e01a6d5,逻辑,topic
