search_keyword,search_url,search_rank,output_rank,filter_sort_by,filter_note_type,filter_publish_time,filter_search_scope,filter_location,page_filter_url,page_filter_selected,page_filter_error,source_url,note_id,xsec_source,preview_title,preview_author,items.0.note_card.title,items.0.note_card.last_update_time,items.0.note_card.ip_location,items.0.note_card.user.nickname,items.0.note_card.user.avatar,items.0.note_card.user.xsec_token,items.0.note_card.user.user_id,items.0.note_card.interact_info.share_count,items.0.note_card.interact_info.followed,items.0.note_card.interact_info.relation,items.0.note_card.interact_info.liked,items.0.note_card.interact_info.liked_count,items.0.note_card.interact_info.collected,items.0.note_card.interact_info.collected_count,items.0.note_card.interact_info.comment_count,items.0.note_card.image_list.0.file_id,items.0.note_card.image_list.0.info_list.0.image_scene,items.0.note_card.image_list.0.info_list.0.url,items.0.note_card.image_list.0.info_list.1.image_scene,items.0.note_card.image_list.0.info_list.1.url,items.0.note_card.image_list.0.url_default,items.0.note_card.image_list.0.stream,items.0.note_card.image_list.0.live_photo,items.0.note_card.image_list.0.height,items.0.note_card.image_list.0.width,items.0.note_card.image_list.0.url,items.0.note_card.image_list.0.trace_id,items.0.note_card.image_list.0.url_pre,items.0.note_card.image_list.1.file_id,items.0.note_card.image_list.1.url,items.0.note_card.image_list.1.url_default,items.0.note_card.image_list.1.height,items.0.note_card.image_list.1.width,items.0.note_card.image_list.1.trace_id,items.0.note_card.image_list.1.info_list.0.url,items.0.note_card.image_list.1.info_list.0.image_scene,items.0.note_card.image_list.1.info_list.1.image_scene,items.0.note_card.image_list.1.info_list.1.url,items.0.note_card.image_list.1.url_pre,items.0.note_card.image_list.1.stream,items.0.note_card.image_list.1.live_photo,items.0.note_card.tag_list.0.id,items.0.note_card.tag_list.0.name,items.0.note_card.tag_list.0.type,items.0.note_card.tag_list.1.id,items.0.note_card.tag_list.1.name,items.0.note_card.tag_list.1.type,items.0.note_card.tag_list.2.name,items.0.note_card.tag_list.2.type,items.0.note_card.tag_list.2.id,items.0.note_card.at_user_list,items.0.note_card.note_id,items.0.note_card.type,items.0.note_card.desc,items.0.note_card.time,items.0.note_card.share_info.un_share,items.0.id,items.0.model_type,current_time,cursor_score,raw_json,items.0.note_card.image_list.2.width,items.0.note_card.image_list.2.url,items.0.note_card.image_list.2.trace_id,items.0.note_card.image_list.2.stream,items.0.note_card.image_list.2.file_id,items.0.note_card.image_list.2.info_list.0.image_scene,items.0.note_card.image_list.2.info_list.0.url,items.0.note_card.image_list.2.info_list.1.image_scene,items.0.note_card.image_list.2.info_list.1.url,items.0.note_card.image_list.2.url_pre,items.0.note_card.image_list.2.url_default,items.0.note_card.image_list.2.live_photo,items.0.note_card.image_list.2.height,items.0.note_card.at_user_list.0.user_id,items.0.note_card.at_user_list.0.nickname,items.0.note_card.at_user_list.0.xsec_token
滴滴轻享,https://www.xiaohongshu.com/search_result_ai?keyword=%E6%BB%B4%E6%BB%B4%E8%BD%BB%E4%BA%AB&source=web_explore_feed,9,1,综合,不限,一周内,不限,不限,https://www.xiaohongshu.com/search_result_ai?keyword=%E6%BB%B4%E6%BB%B4%E8%BD%BB%E4%BA%AB&source=web_explore_feed&type=51,"综合,一周内",,https://www.xiaohongshu.com/search_result/6a32bc27000000001603df55?xsec_token=ABNV3U1l6kOI0X3OTrYVszJLaUOw6Id5bgztbr4BLWVtk=&xsec_source=,6a32bc27000000001603df55,,避雷提醒｜从特惠转轻享真实体验...,"奔波的滴滴人
4天前",避雷提醒｜从特惠转轻享真实体验...,1781709864000,广东,奔波的滴滴人,https://sns-avatar-qc.xhscdn.com/avatar/1040g2jo3215d323kno605p0ihsbl1vs8ba7kt70,ABd5kvETtXPg3QP_7vzmciogvHshK74ub4_22lSwIzW8s=,64128f17000000001400ff88,2,False,none,False,,False,,14,,WB_PRV,http://sns-webpic-qc.xhscdn.com/202606220849/130f787042b06b34509115b9641a63e7/notes_uhdr/1040g3qo321h7fpg77e605p0ihsbl1vs8nstrfm0!nd_prv_wlteh_webp_3,WB_DFT,http://sns-webpic-qc.xhscdn.com/202606220849/7454dec9e220bfd33fb61b2251d451cd/notes_uhdr/1040g3qo321h7fpg77e605p0ihsbl1vs8nstrfm0!nd_dft_wlteh_webp_3,http://sns-webpic-qc.xhscdn.com/202606220849/7454dec9e220bfd33fb61b2251d451cd/notes_uhdr/1040g3qo321h7fpg77e605p0ihsbl1vs8nstrfm0!nd_dft_wlteh_webp_3,{},False,4096,3072,,,http://sns-webpic-qc.xhscdn.com/202606220849/130f787042b06b34509115b9641a63e7/notes_uhdr/1040g3qo321h7fpg77e605p0ihsbl1vs8nstrfm0!nd_prv_wlteh_webp_3,,,http://sns-webpic-qc.xhscdn.com/202606220849/76e9f58600b64561598edc770b399fab/notes_uhdr/1040g3qo321h7fpg77e5g5p0ihsbl1vs83pjt7j0!nd_dft_wlteh_webp_3,4096,3072,,http://sns-webpic-qc.xhscdn.com/202606220849/3001eb1f1202d872bcef9489f496c42f/notes_uhdr/1040g3qo321h7fpg77e5g5p0ihsbl1vs83pjt7j0!nd_prv_wlteh_webp_3,WB_PRV,WB_DFT,http://sns-webpic-qc.xhscdn.com/202606220849/76e9f58600b64561598edc770b399fab/notes_uhdr/1040g3qo321h7fpg77e5g5p0ihsbl1vs83pjt7j0!nd_dft_wlteh_webp_3,http://sns-webpic-qc.xhscdn.com/202606220849/3001eb1f1202d872bcef9489f496c42f/notes_uhdr/1040g3qo321h7fpg77e5g5p0ihsbl1vs83pjt7j0!nd_prv_wlteh_webp_3,{},False,5d074e9a000000000e00f319,滴滴司机,topic,5c98635a000000000d03fb1d,滴滴出行,topic,滴滴轻享,topic,6610f9e90000000002018804,[],6a32bc27000000001603df55,normal,"避雷提醒｜从特惠转轻享真实体验
在线13.3h，18单流水496.7 还有40是高速费！
之前的车到期了 重新租了一个星海s7  月租3800一个月 想着轻享单价高 会不会轻松一点  谁知道这几天感受下来比跑特惠还累 单量骤减 跑一单停一会 完全没个连单的
长时间在线熬人，身体累收入提升也有限！后悔死了 有大佬教一下怎么跑轻享吗？
#滴滴司机[话题]# #滴滴出行[话题]# #滴滴轻享[话题]#",1781709863000,False,6a32bc27000000001603df55,note,1782089346949,,"{""items"":[{""note_card"":{""title"":""避雷提醒｜从特惠转轻享真实体验..."",""last_update_time"":1781709864000,""ip_location"":""广东"",""user"":{""nickname"":""奔波的滴滴人"",""avatar"":""https://sns-avatar-qc.xhscdn.com/avatar/1040g2jo3215d323kno605p0ihsbl1vs8ba7kt70"",""xsec_token"":""ABd5kvETtXPg3QP_7vzmciogvHshK74ub4_22lSwIzW8s="",""user_id"":""64128f17000000001400ff88""},""interact_info"":{""share_count"":""2"",""followed"":false,""relation"":""none"",""liked"":false,""liked_count"":"""",""collected"":false,""collected_count"":"""",""comment_count"":""14""},""image_list"":[{""file_id"":"""",""info_list"":[{""image_scene"":""WB_PRV"",""url"":""http://sns-webpic-qc.xhscdn.com/202606220849/130f787042b06b34509115b9641a63e7/notes_uhdr/1040g3qo321h7fpg77e605p0ihsbl1vs8nstrfm0!nd_prv_wlteh_webp_3""},{""image_scene"":""WB_DFT"",""url"":""http://sns-webpic-qc.xhscdn.com/202606220849/7454dec9e220bfd33fb61b2251d451cd/notes_uhdr/1040g3qo321h7fpg77e605p0ihsbl1vs8nstrfm0!nd_dft_wlteh_webp_3""}],""url_default"":""http://sns-webpic-qc.xhscdn.com/202606220849/7454dec9e220bfd33fb61b2251d451cd/notes_uhdr/1040g3qo321h7fpg77e605p0ihsbl1vs8nstrfm0!nd_dft_wlteh_webp_3"",""stream"":{},""live_photo"":false,""height"":4096,""width"":3072,""url"":"""",""trace_id"":"""",""url_pre"":""http://sns-webpic-qc.xhscdn.com/202606220849/130f787042b06b34509115b9641a63e7/notes_uhdr/1040g3qo321h7fpg77e605p0ihsbl1vs8nstrfm0!nd_prv_wlteh_webp_3""},{""file_id"":"""",""url"":"""",""url_default"":""http://sns-webpic-qc.xhscdn.com/202606220849/76e9f58600b64561598edc770b399fab/notes_uhdr/1040g3qo321h7fpg77e5g5p0ihsbl1vs83pjt7j0!nd_dft_wlteh_webp_3"",""height"":4096,""width"":3072,""trace_id"":"""",""info_list"":[{""url"":""http://sns-webpic-qc.xhscdn.com/202606220849/3001eb1f1202d872bcef9489f496c42f/notes_uhdr/1040g3qo321h7fpg77e5g5p0ihsbl1vs83pjt7j0!nd_prv_wlteh_webp_3"",""image_scene"":""WB_PRV""},{""image_scene"":""WB_DFT"",""url"":""http://sns-webpic-qc.xhscdn.com/202606220849/76e9f58600b64561598edc770b399fab/notes_uhdr/1040g3qo321h7fpg77e5g5p0ihsbl1vs83pjt7j0!nd_dft_wlteh_webp_3""}],""url_pre"":""http://sns-webpic-qc.xhscdn.com/202606220849/3001eb1f1202d872bcef9489f496c42f/notes_uhdr/1040g3qo321h7fpg77e5g5p0ihsbl1vs83pjt7j0!nd_prv_wlteh_webp_3"",""stream"":{},""live_photo"":false}],""tag_list"":[{""id"":""5d074e9a000000000e00f319"",""name"":""滴滴司机"",""type"":""topic""},{""id"":""5c98635a000000000d03fb1d"",""name"":""滴滴出行"",""type"":""topic""},{""name"":""滴滴轻享"",""type"":""topic"",""id"":""6610f9e90000000002018804""}],""at_user_list"":[],""note_id"":""6a32bc27000000001603df55"",""type"":""normal"",""desc"":""避雷提醒｜从特惠转轻享真实体验\n在线13.3h，18单流水496.7 还有40是高速费！\n之前的车到期了 重新租了一个星海s7  月租3800一个月 想着轻享单价高 会不会轻松一点  谁知道这几天感受下来比跑特惠还累 单量骤减 跑一单停一会 完全没个连单的\n长时间在线熬人，身体累收入提升也有限！后悔死了 有大佬教一下怎么跑轻享吗？\n#滴滴司机[话题]# #滴滴出行[话题]# #滴滴轻享[话题]#"",""time"":1781709863000,""share_info"":{""un_share"":false}},""id"":""6a32bc27000000001603df55"",""model_type"":""note""}],""current_time"":1782089346949,""cursor_score"":""""}",,,,,,,,,,,,,,,,
滴滴轻享,https://www.xiaohongshu.com/search_result_ai?keyword=%E6%BB%B4%E6%BB%B4%E8%BD%BB%E4%BA%AB&source=web_explore_feed,23,2,综合,不限,一周内,不限,不限,https://www.xiaohongshu.com/search_result_ai?keyword=%E6%BB%B4%E6%BB%B4%E8%BD%BB%E4%BA%AB&source=web_explore_feed&type=51,"综合,一周内",,https://www.xiaohongshu.com/search_result/6a37eb16000000001503e17e?xsec_token=ABKcpdiNookDSeXJp_XLZsdbcS_OxB0Re29JgCCgg52VM=&xsec_source=,6a37eb16000000001503e17e,,,"奔波的滴滴人
昨天 21:45",,1782049558000,广东,奔波的滴滴人,https://sns-avatar-qc.xhscdn.com/avatar/1040g2jo3215d323kno605p0ihsbl1vs8ba7kt70,ABd5kvETtXPg3QP_7vzmciogvHshK74ub4_22lSwIzW8s=,64128f17000000001400ff88,1,False,none,False,,False,,14,,WB_PRV,http://sns-webpic-qc.xhscdn.com/202606220849/61fded54e16a8ac44d8e2ae386546fb2/notes_uhdr/1040g3qo321m9lkounacg5p0ihsbl1vs82q5fo88!nd_prv_wlteh_webp_3,WB_DFT,http://sns-webpic-qc.xhscdn.com/202606220849/274af9a3c0c87ce42584caf1744554d8/notes_uhdr/1040g3qo321m9lkounacg5p0ihsbl1vs82q5fo88!nd_dft_wlteh_webp_3,http://sns-webpic-qc.xhscdn.com/202606220849/274af9a3c0c87ce42584caf1744554d8/notes_uhdr/1040g3qo321m9lkounacg5p0ihsbl1vs82q5fo88!nd_dft_wlteh_webp_3,{},False,4096,3072,,,http://sns-webpic-qc.xhscdn.com/202606220849/61fded54e16a8ac44d8e2ae386546fb2/notes_uhdr/1040g3qo321m9lkounacg5p0ihsbl1vs82q5fo88!nd_prv_wlteh_webp_3,,,,,,,,,,,,,,5c3584bf000000000f0038bc,网约车,topic,5c0406f17c10ee00012f1d55,滴滴,topic,滴滴司机,topic,5d074e9a000000000e00f319,[],6a37eb16000000001503e17e,normal,不懂就问 把滴滴轻享的出行分跑满的话 然后退出滴滴轻享跑快车 这个出行分还会加到快车的出行分上吗？ 轻享太难跑了，打算退出了#网约车[话题]# #滴滴[话题]# #滴滴司机[话题]#,1782049558000,False,6a37eb16000000001503e17e,note,1782089389188,,"{""cursor_score"":"""",""items"":[{""id"":""6a37eb16000000001503e17e"",""model_type"":""note"",""note_card"":{""note_id"":""6a37eb16000000001503e17e"",""title"":"""",""interact_info"":{""liked"":false,""liked_count"":"""",""collected"":false,""collected_count"":"""",""comment_count"":""14"",""share_count"":""1"",""followed"":false,""relation"":""none""},""at_user_list"":[],""time"":1782049558000,""last_update_time"":1782049558000,""ip_location"":""广东"",""type"":""normal"",""desc"":""不懂就问 把滴滴轻享的出行分跑满的话 然后退出滴滴轻享跑快车 这个出行分还会加到快车的出行分上吗？ 轻享太难跑了，打算退出了#网约车[话题]# #滴滴[话题]# #滴滴司机[话题]#"",""user"":{""user_id"":""64128f17000000001400ff88"",""nickname"":""奔波的滴滴人"",""avatar"":""https://sns-avatar-qc.xhscdn.com/avatar/1040g2jo3215d323kno605p0ihsbl1vs8ba7kt70"",""xsec_token"":""ABd5kvETtXPg3QP_7vzmciogvHshK74ub4_22lSwIzW8s=""},""image_list"":[{""url"":"""",""trace_id"":"""",""info_list"":[{""image_scene"":""WB_PRV"",""url"":""http://sns-webpic-qc.xhscdn.com/202606220849/61fded54e16a8ac44d8e2ae386546fb2/notes_uhdr/1040g3qo321m9lkounacg5p0ihsbl1vs82q5fo88!nd_prv_wlteh_webp_3""},{""image_scene"":""WB_DFT"",""url"":""http://sns-webpic-qc.xhscdn.com/202606220849/274af9a3c0c87ce42584caf1744554d8/notes_uhdr/1040g3qo321m9lkounacg5p0ihsbl1vs82q5fo88!nd_dft_wlteh_webp_3""}],""url_pre"":""http://sns-webpic-qc.xhscdn.com/202606220849/61fded54e16a8ac44d8e2ae386546fb2/notes_uhdr/1040g3qo321m9lkounacg5p0ihsbl1vs82q5fo88!nd_prv_wlteh_webp_3"",""url_default"":""http://sns-webpic-qc.xhscdn.com/202606220849/274af9a3c0c87ce42584caf1744554d8/notes_uhdr/1040g3qo321m9lkounacg5p0ihsbl1vs82q5fo88!nd_dft_wlteh_webp_3"",""live_photo"":false,""height"":4096,""width"":3072,""file_id"":"""",""stream"":{}}],""tag_list"":[{""id"":""5c3584bf000000000f0038bc"",""name"":""网约车"",""type"":""topic""},{""type"":""topic"",""id"":""5c0406f17c10ee00012f1d55"",""name"":""滴滴""},{""id"":""5d074e9a000000000e00f319"",""name"":""滴滴司机"",""type"":""topic""}],""share_info"":{""un_share"":false}}}],""current_time"":1782089389188}",,,,,,,,,,,,,,,,
滴滴轻享,https://www.xiaohongshu.com/search_result_ai?keyword=%E6%BB%B4%E6%BB%B4%E8%BD%BB%E4%BA%AB&source=web_explore_feed,76,3,综合,不限,一周内,不限,不限,https://www.xiaohongshu.com/search_result_ai?keyword=%E6%BB%B4%E6%BB%B4%E8%BD%BB%E4%BA%AB&source=web_explore_feed&type=51,"综合,一周内",,https://www.xiaohongshu.com/search_result/6a37952100000000220144a2?xsec_token=ABKcpdiNookDSeXJp_XLZsdTCyY2ManoSOp9AVABtIRCE=&xsec_source=,6a37952100000000220144a2,,滴滴是真阴呐,"人犯规
昨天 15:39",滴滴是真阴呐,1782027553000,浙江,人犯规,https://sns-avatar-qc.xhscdn.com/avatar/1040g2jo31vqo119jig6g5onv42t6cco8ll9ogl8,ABX_WZEsDPeTR2rQ9TI9-K8r7mTs_DJtuYiXSysKf9vrI=,62ff20ba0000000019023308,,False,none,False,4,False,1,,,WB_PRV,http://sns-webpic-qc.xhscdn.com/202606220852/42263b5f6833b69308e149ae9bec52af/1040g008321luu0iina5g5onv42t6cco8i7a2248!nd_prv_wlteh_webp_3,WB_DFT,http://sns-webpic-qc.xhscdn.com/202606220852/b56ea47c71743bf38399b560161f4331/1040g008321luu0iina5g5onv42t6cco8i7a2248!nd_dft_wlteh_webp_3,http://sns-webpic-qc.xhscdn.com/202606220852/b56ea47c71743bf38399b560161f4331/1040g008321luu0iina5g5onv42t6cco8i7a2248!nd_dft_wlteh_webp_3,{},False,2376,1080,,,http://sns-webpic-qc.xhscdn.com/202606220852/42263b5f6833b69308e149ae9bec52af/1040g008321luu0iina5g5onv42t6cco8i7a2248!nd_prv_wlteh_webp_3,,,http://sns-webpic-qc.xhscdn.com/202606220852/0df8363ea504193f82e4d2adf5ed60c9/1040g008321luu0iina3g5onv42t6cco8t4uksvg!nd_dft_wlteh_webp_3,2376,1080,,http://sns-webpic-qc.xhscdn.com/202606220852/5f75a62161a75bf04b5b1b3085e17e1a/1040g008321luu0iina3g5onv42t6cco8t4uksvg!nd_prv_wlteh_webp_3,WB_PRV,WB_DFT,http://sns-webpic-qc.xhscdn.com/202606220852/0df8363ea504193f82e4d2adf5ed60c9/1040g008321luu0iina3g5onv42t6cco8t4uksvg!nd_dft_wlteh_webp_3,http://sns-webpic-qc.xhscdn.com/202606220852/5f75a62161a75bf04b5b1b3085e17e1a/1040g008321luu0iina3g5onv42t6cco8t4uksvg!nd_prv_wlteh_webp_3,{},False,5c0406f17c10ee00012f1d55,滴滴,topic,6394944c0000000001008912,坑人东西,topic,,,,[],6a37952100000000220144a2,normal,25.5的费用去支付却要我32，我来回看了好几遍不敢置信，后面才发现是默认给我勾选了个一单回本，太特么的不当人了，一不注意就会被宰了 #滴滴[话题]# #坑人东西[话题]#,1782027553000,False,6a37952100000000220144a2,note,1782089548720,,"{""cursor_score"":"""",""items"":[{""id"":""6a37952100000000220144a2"",""model_type"":""note"",""note_card"":{""user"":{""avatar"":""https://sns-avatar-qc.xhscdn.com/avatar/1040g2jo31vqo119jig6g5onv42t6cco8ll9ogl8"",""xsec_token"":""ABX_WZEsDPeTR2rQ9TI9-K8r7mTs_DJtuYiXSysKf9vrI="",""user_id"":""62ff20ba0000000019023308"",""nickname"":""人犯规""},""interact_info"":{""collected"":false,""collected_count"":""1"",""comment_count"":"""",""share_count"":"""",""followed"":false,""relation"":""none"",""liked"":false,""liked_count"":""4""},""tag_list"":[{""id"":""5c0406f17c10ee00012f1d55"",""name"":""滴滴"",""type"":""topic""},{""id"":""6394944c0000000001008912"",""name"":""坑人东西"",""type"":""topic""}],""at_user_list"":[],""time"":1782027553000,""note_id"":""6a37952100000000220144a2"",""type"":""normal"",""title"":""滴滴是真阴呐"",""last_update_time"":1782027553000,""share_info"":{""un_share"":false},""desc"":""25.5的费用去支付却要我32，我来回看了好几遍不敢置信，后面才发现是默认给我勾选了个一单回本，太特么的不当人了，一不注意就会被宰了 #滴滴[话题]# #坑人东西[话题]#"",""image_list"":[{""stream"":{},""live_photo"":false,""file_id"":"""",""width"":1080,""url"":"""",""url_pre"":""http://sns-webpic-qc.xhscdn.com/202606220852/42263b5f6833b69308e149ae9bec52af/1040g008321luu0iina5g5onv42t6cco8i7a2248!nd_prv_wlteh_webp_3"",""url_default"":""http://sns-webpic-qc.xhscdn.com/202606220852/b56ea47c71743bf38399b560161f4331/1040g008321luu0iina5g5onv42t6cco8i7a2248!nd_dft_wlteh_webp_3"",""height"":2376,""trace_id"":"""",""info_list"":[{""url"":""http://sns-webpic-qc.xhscdn.com/202606220852/42263b5f6833b69308e149ae9bec52af/1040g008321luu0iina5g5onv42t6cco8i7a2248!nd_prv_wlteh_webp_3"",""image_scene"":""WB_PRV""},{""image_scene"":""WB_DFT"",""url"":""http://sns-webpic-qc.xhscdn.com/202606220852/b56ea47c71743bf38399b560161f4331/1040g008321luu0iina5g5onv42t6cco8i7a2248!nd_dft_wlteh_webp_3""}]},{""trace_id"":"""",""info_list"":[{""image_scene"":""WB_PRV"",""url"":""http://sns-webpic-qc.xhscdn.com/202606220852/5f75a62161a75bf04b5b1b3085e17e1a/1040g008321luu0iina3g5onv42t6cco8t4uksvg!nd_prv_wlteh_webp_3""},{""image_scene"":""WB_DFT"",""url"":""http://sns-webpic-qc.xhscdn.com/202606220852/0df8363ea504193f82e4d2adf5ed60c9/1040g008321luu0iina3g5onv42t6cco8t4uksvg!nd_dft_wlteh_webp_3""}],""url_default"":""http://sns-webpic-qc.xhscdn.com/202606220852/0df8363ea504193f82e4d2adf5ed60c9/1040g008321luu0iina3g5onv42t6cco8t4uksvg!nd_dft_wlteh_webp_3"",""file_id"":"""",""height"":2376,""width"":1080,""url"":"""",""url_pre"":""http://sns-webpic-qc.xhscdn.com/202606220852/5f75a62161a75bf04b5b1b3085e17e1a/1040g008321luu0iina3g5onv42t6cco8t4uksvg!nd_prv_wlteh_webp_3"",""stream"":{},""live_photo"":false},{""width"":1080,""url"":"""",""trace_id"":"""",""stream"":{},""file_id"":"""",""info_list"":[{""image_scene"":""WB_PRV"",""url"":""http://sns-webpic-qc.xhscdn.com/202606220852/08571fba878e9e4f9b6f047a2c8acc82/1040g008321luu0iina505onv42t6cco8q4gh3gg!nd_prv_wlteh_webp_3""},{""image_scene"":""WB_DFT"",""url"":""http://sns-webpic-qc.xhscdn.com/202606220852/9e2516ab1dbb72db18cc53a72d92f54d/1040g008321luu0iina505onv42t6cco8q4gh3gg!nd_dft_wlteh_webp_3""}],""url_pre"":""http://sns-webpic-qc.xhscdn.com/202606220852/08571fba878e9e4f9b6f047a2c8acc82/1040g008321luu0iina505onv42t6cco8q4gh3gg!nd_prv_wlteh_webp_3"",""url_default"":""http://sns-webpic-qc.xhscdn.com/202606220852/9e2516ab1dbb72db18cc53a72d92f54d/1040g008321luu0iina505onv42t6cco8q4gh3gg!nd_dft_wlteh_webp_3"",""live_photo"":false,""height"":2376}],""ip_location"":""浙江""}}],""current_time"":1782089548720}",1080,,,{},,WB_PRV,http://sns-webpic-qc.xhscdn.com/202606220852/08571fba878e9e4f9b6f047a2c8acc82/1040g008321luu0iina505onv42t6cco8q4gh3gg!nd_prv_wlteh_webp_3,WB_DFT,http://sns-webpic-qc.xhscdn.com/202606220852/9e2516ab1dbb72db18cc53a72d92f54d/1040g008321luu0iina505onv42t6cco8q4gh3gg!nd_dft_wlteh_webp_3,http://sns-webpic-qc.xhscdn.com/202606220852/08571fba878e9e4f9b6f047a2c8acc82/1040g008321luu0iina505onv42t6cco8q4gh3gg!nd_prv_wlteh_webp_3,http://sns-webpic-qc.xhscdn.com/202606220852/9e2516ab1dbb72db18cc53a72d92f54d/1040g008321luu0iina505onv42t6cco8q4gh3gg!nd_dft_wlteh_webp_3,False,2376,,,
滴滴轻享,https://www.xiaohongshu.com/search_result_ai?keyword=%E6%BB%B4%E6%BB%B4%E8%BD%BB%E4%BA%AB&source=web_explore_feed,97,4,综合,不限,一周内,不限,不限,https://www.xiaohongshu.com/search_result_ai?keyword=%E6%BB%B4%E6%BB%B4%E8%BD%BB%E4%BA%AB&source=web_explore_feed&type=51,"综合,一周内",,https://www.xiaohongshu.com/search_result/6a37a7eb0000000021023ddb?xsec_token=ABKcpdiNookDSeXJp_XLZsdRdZoqH8m_9TJuSszFUN77I=&xsec_source=,6a37a7eb0000000021023ddb,,滴滴代驾，随意扔客人路边，连车门都不给我关,"芳哥哥
昨天 16:59",滴滴代驾，随意扔客人路边，连车门都不给我关,1782032364000,河北,芳哥哥,https://sns-avatar-qc.xhscdn.com/avatar/529594cd91bbf4c43608131bf9134bdc.jpg,ABAwBJ4padHLzu3DHvuSSyPxWNJ-Wbpo_WdbO9aTSxp1U=,5c3e9bad000000000701f4d5,,False,none,False,,False,,25,,WB_PRV,http://sns-webpic-qc.xhscdn.com/202606220853/c3661ddb02dd39b53279dd65b77e17a6/notes_pre_post/1040g3k8321m104k7na705n1ujemhrt6lgqkujr0!nd_prv_wlteh_webp_3,WB_DFT,http://sns-webpic-qc.xhscdn.com/202606220853/7e9d6cc4b26b30e4b2605ebf5db995bb/notes_pre_post/1040g3k8321m104k7na705n1ujemhrt6lgqkujr0!nd_dft_wlteh_webp_3,http://sns-webpic-qc.xhscdn.com/202606220853/7e9d6cc4b26b30e4b2605ebf5db995bb/notes_pre_post/1040g3k8321m104k7na705n1ujemhrt6lgqkujr0!nd_dft_wlteh_webp_3,{},False,2796,1290,,,http://sns-webpic-qc.xhscdn.com/202606220853/c3661ddb02dd39b53279dd65b77e17a6/notes_pre_post/1040g3k8321m104k7na705n1ujemhrt6lgqkujr0!nd_prv_wlteh_webp_3,,,,,,,,,,,,,,5c65cad3000000000f036d54,代驾,topic,,,,,,,,6a37a7eb0000000021023ddb,normal,"酒后找了代驾，前后说了四遍开慢点。最后给我扔路边了。
第一次，出了小区就五十迈，跟代驾师傅说慢一点，告诉我开的不快。
第二次，被猛踩猛杀不太舒服，再次说慢一点，告诉我没到限速（我是电车，在二排坐着，被晃来晃去）。
第三次，再次提及慢一点，太快不舒服，告诉我慢下来没发开，让我把窗户关上就好了。
第四次，再次开口说喝了酒了开慢点。代驾再次怼了我，告诉我开的不快，张口怨我谁让你喝了酒了。随后我们让他停到了路边，告诉我没法开暗示我们在找一个，后续就是他走了，车门开着，后备箱开着，给停在了大马路边。
当晚我就在联系客服，搞笑的是，客服的服务时间是9-24。没办法只能重新下单。今天滴滴给我回电客服告诉我。他们只是一个平台。没有办法要求更多。滴滴。你真的是好起来就忘本。我不理解，找个代驾比祖宗还难伺候@滴滴代驾 你们的代驾都是这么厉害的吗。#代驾[话题]#",1782032364000,False,6a37a7eb0000000021023ddb,note,1782089612263,,"{""cursor_score"":"""",""items"":[{""note_card"":{""ip_location"":""河北"",""type"":""normal"",""title"":""滴滴代驾，随意扔客人路边，连车门都不给我关"",""interact_info"":{""liked"":false,""liked_count"":"""",""collected"":false,""collected_count"":"""",""comment_count"":""25"",""share_count"":"""",""followed"":false,""relation"":""none""},""image_list"":[{""url"":"""",""info_list"":[{""url"":""http://sns-webpic-qc.xhscdn.com/202606220853/c3661ddb02dd39b53279dd65b77e17a6/notes_pre_post/1040g3k8321m104k7na705n1ujemhrt6lgqkujr0!nd_prv_wlteh_webp_3"",""image_scene"":""WB_PRV""},{""image_scene"":""WB_DFT"",""url"":""http://sns-webpic-qc.xhscdn.com/202606220853/7e9d6cc4b26b30e4b2605ebf5db995bb/notes_pre_post/1040g3k8321m104k7na705n1ujemhrt6lgqkujr0!nd_dft_wlteh_webp_3""}],""url_pre"":""http://sns-webpic-qc.xhscdn.com/202606220853/c3661ddb02dd39b53279dd65b77e17a6/notes_pre_post/1040g3k8321m104k7na705n1ujemhrt6lgqkujr0!nd_prv_wlteh_webp_3"",""file_id"":"""",""height"":2796,""width"":1290,""live_photo"":false,""trace_id"":"""",""url_default"":""http://sns-webpic-qc.xhscdn.com/202606220853/7e9d6cc4b26b30e4b2605ebf5db995bb/notes_pre_post/1040g3k8321m104k7na705n1ujemhrt6lgqkujr0!nd_dft_wlteh_webp_3"",""stream"":{}}],""tag_list"":[{""id"":""5c65cad3000000000f036d54"",""name"":""代驾"",""type"":""topic""}],""at_user_list"":[{""user_id"":""63478cf4000000001901f54e"",""nickname"":""滴滴代驾"",""xsec_token"":""ABDN6bmVuKBNABDAajolUnF17VXQcq69N5iFgI-lwu76Q=""}],""time"":1782032364000,""last_update_time"":1782032364000,""note_id"":""6a37a7eb0000000021023ddb"",""desc"":""酒后找了代驾，前后说了四遍开慢点。最后给我扔路边了。\n第一次，出了小区就五十迈，跟代驾师傅说慢一点，告诉我开的不快。\n第二次，被猛踩猛杀不太舒服，再次说慢一点，告诉我没到限速（我是电车，在二排坐着，被晃来晃去）。\n第三次，再次提及慢一点，太快不舒服，告诉我慢下来没发开，让我把窗户关上就好了。\n第四次，再次开口说喝了酒了开慢点。代驾再次怼了我，告诉我开的不快，张口怨我谁让你喝了酒了。随后我们让他停到了路边，告诉我没法开暗示我们在找一个，后续就是他走了，车门开着，后备箱开着，给停在了大马路边。\n当晚我就在联系客服，搞笑的是，客服的服务时间是9-24。没办法只能重新下单。今天滴滴给我回电客服告诉我。他们只是一个平台。没有办法要求更多。滴滴。你真的是好起来就忘本。我不理解，找个代驾比祖宗还难伺候@滴滴代驾 你们的代驾都是这么厉害的吗。#代驾[话题]#"",""user"":{""avatar"":""https://sns-avatar-qc.xhscdn.com/avatar/529594cd91bbf4c43608131bf9134bdc.jpg"",""xsec_token"":""ABAwBJ4padHLzu3DHvuSSyPxWNJ-Wbpo_WdbO9aTSxp1U="",""user_id"":""5c3e9bad000000000701f4d5"",""nickname"":""芳哥哥""},""share_info"":{""un_share"":false}},""id"":""6a37a7eb0000000021023ddb"",""model_type"":""note""}],""current_time"":1782089612263}",,,,,,,,,,,,,,63478cf4000000001901f54e,滴滴代驾,ABDN6bmVuKBNABDAajolUnF17VXQcq69N5iFgI-lwu76Q=
滴滴轻享,https://www.xiaohongshu.com/search_result_ai?keyword=%E6%BB%B4%E6%BB%B4%E8%BD%BB%E4%BA%AB&source=web_explore_feed,120,5,综合,不限,一周内,不限,不限,https://www.xiaohongshu.com/search_result_ai?keyword=%E6%BB%B4%E6%BB%B4%E8%BD%BB%E4%BA%AB&source=web_explore_feed&type=51,"综合,一周内",,https://www.xiaohongshu.com/search_result/6a310f130000000007013c2b?xsec_token=ABzo91c7VIfdppP7FCZM7bRE_pplkL9o3sfoXp8vR6Zg0=&xsec_source=,6a310f130000000007013c2b,,,"momo
5天前",,1781600020000,辽宁,momo,https://sns-avatar-qc.xhscdn.com/avatar/1040g2jo31ve471p92a005qebphacmlolmlol020,ABfDgAKTSVBUq-xGj9bfdnY_K_c-Q3Hzf5QdH_GXe-iDs=,69cbcc540000000032035715,,False,none,False,,False,,25,,WB_PRV,http://sns-webpic-qc.xhscdn.com/202606220854/c0cd519f8eaa181e5fd99142eb5bf5a3/notes_pre_post/1040g3k8321fj9trona705qebphacmlol8ko9rgg!nd_prv_wlteh_webp_3,WB_DFT,http://sns-webpic-qc.xhscdn.com/202606220854/05bb849b0079eac35e68d960532a5ff7/notes_pre_post/1040g3k8321fj9trona705qebphacmlol8ko9rgg!nd_dft_wlteh_webp_3,http://sns-webpic-qc.xhscdn.com/202606220854/05bb849b0079eac35e68d960532a5ff7/notes_pre_post/1040g3k8321fj9trona705qebphacmlol8ko9rgg!nd_dft_wlteh_webp_3,{},False,1600,1200,,,http://sns-webpic-qc.xhscdn.com/202606220854/c0cd519f8eaa181e5fd99142eb5bf5a3/notes_pre_post/1040g3k8321fj9trona705qebphacmlol8ko9rgg!nd_prv_wlteh_webp_3,,,,,,,,,,,,,,5c0406f17c10ee00012f1d55,滴滴,topic,,,,,,,[],6a310f130000000007013c2b,normal,"滴滴两个月前的订单给差评司机能看到是我发的吗
	
#滴滴[话题]#",1781600019000,False,6a310f130000000007013c2b,note,1782089682219,,"{""items"":[{""note_card"":{""note_id"":""6a310f130000000007013c2b"",""desc"":""滴滴两个月前的订单给差评司机能看到是我发的吗\n\t\n#滴滴[话题]#"",""user"":{""avatar"":""https://sns-avatar-qc.xhscdn.com/avatar/1040g2jo31ve471p92a005qebphacmlolmlol020"",""xsec_token"":""ABfDgAKTSVBUq-xGj9bfdnY_K_c-Q3Hzf5QdH_GXe-iDs="",""user_id"":""69cbcc540000000032035715"",""nickname"":""momo""},""tag_list"":[{""id"":""5c0406f17c10ee00012f1d55"",""name"":""滴滴"",""type"":""topic""}],""at_user_list"":[],""time"":1781600019000,""share_info"":{""un_share"":false},""type"":""normal"",""title"":"""",""interact_info"":{""collected"":false,""collected_count"":"""",""comment_count"":""25"",""share_count"":"""",""followed"":false,""relation"":""none"",""liked"":false,""liked_count"":""""},""image_list"":[{""file_id"":"""",""width"":1200,""url"":"""",""trace_id"":"""",""info_list"":[{""image_scene"":""WB_PRV"",""url"":""http://sns-webpic-qc.xhscdn.com/202606220854/c0cd519f8eaa181e5fd99142eb5bf5a3/notes_pre_post/1040g3k8321fj9trona705qebphacmlol8ko9rgg!nd_prv_wlteh_webp_3""},{""image_scene"":""WB_DFT"",""url"":""http://sns-webpic-qc.xhscdn.com/202606220854/05bb849b0079eac35e68d960532a5ff7/notes_pre_post/1040g3k8321fj9trona705qebphacmlol8ko9rgg!nd_dft_wlteh_webp_3""}],""url_default"":""http://sns-webpic-qc.xhscdn.com/202606220854/05bb849b0079eac35e68d960532a5ff7/notes_pre_post/1040g3k8321fj9trona705qebphacmlol8ko9rgg!nd_dft_wlteh_webp_3"",""stream"":{},""live_photo"":false,""height"":1600,""url_pre"":""http://sns-webpic-qc.xhscdn.com/202606220854/c0cd519f8eaa181e5fd99142eb5bf5a3/notes_pre_post/1040g3k8321fj9trona705qebphacmlol8ko9rgg!nd_prv_wlteh_webp_3""}],""last_update_time"":1781600020000,""ip_location"":""辽宁""},""id"":""6a310f130000000007013c2b"",""model_type"":""note""}],""current_time"":1782089682219,""cursor_score"":""""}",,,,,,,,,,,,,,,,
