platform,source_url,note_id,aweme_id,aweme_detail.aweme_id,aweme_detail.share_url,aweme_detail.author.nickname,aweme_detail.desc,aweme_detail.statistics.digg_count,aweme_detail.statistics.collect_count,aweme_detail.statistics.comment_count,aweme_detail.statistics.share_count,aweme_detail.create_time,aweme_detail.activity_video_type,aweme_detail.anchors,aweme_detail.authentication_token,aweme_detail.author.account_cert_info,aweme_detail.author.avatar_thumb.height,aweme_detail.author.avatar_thumb.uri,aweme_detail.author.avatar_thumb.url_list.0,aweme_detail.author.avatar_thumb.width,aweme_detail.author.awemehts_greet_info,aweme_detail.author.cf_list,aweme_detail.author.close_friend_type,aweme_detail.author.contacts_status,aweme_detail.author.contrail_list,aweme_detail.author.cover_url.0.height,aweme_detail.author.cover_url.0.uri,aweme_detail.author.cover_url.0.url_list.0,aweme_detail.author.cover_url.0.url_list.1,aweme_detail.author.cover_url.0.width,aweme_detail.author.create_time,aweme_detail.author.custom_verify,aweme_detail.author.data_label_list,aweme_detail.author.endorsement_info_list,aweme_detail.author.enterprise_verify_reason,aweme_detail.author.favoriting_count,aweme_detail.author.follow_status,aweme_detail.author.follower_count,aweme_detail.author.follower_list_secondary_information_struct,aweme_detail.author.follower_status,aweme_detail.author.following_count,aweme_detail.author.hide_others_recommend_interest,aweme_detail.author.hide_self_recommend_interest,aweme_detail.author.im_role_ids,aweme_detail.author.is_ad_fake,aweme_detail.author.is_blocked_v2,aweme_detail.author.is_blocking_v2,aweme_detail.author.is_cf,aweme_detail.author.live_high_value,aweme_detail.author.mate_add_permission,aweme_detail.author.max_follower_count,aweme_detail.author.offline_info_list,aweme_detail.author.personal_tag_list,aweme_detail.author.prevent_download,aweme_detail.author.risk_notice_text,aweme_detail.author.sec_uid,aweme_detail.author.secret,aweme_detail.author.share_info.share_desc,aweme_detail.author.share_info.share_desc_info,aweme_detail.author.share_info.share_qrcode_url.height,aweme_detail.author.share_info.share_qrcode_url.uri,aweme_detail.author.share_info.share_qrcode_url.url_list.0,aweme_detail.author.share_info.share_qrcode_url.url_list.1,aweme_detail.author.share_info.share_qrcode_url.width,aweme_detail.author.share_info.share_title,aweme_detail.author.share_info.share_title_myself,aweme_detail.author.share_info.share_title_other,aweme_detail.author.share_info.share_url,aweme_detail.author.share_info.share_weibo_desc,aweme_detail.author.short_id,aweme_detail.author.signature,aweme_detail.author.signature_extra,aweme_detail.author.special_follow_status,aweme_detail.author.special_people_labels,aweme_detail.author.status,aweme_detail.author.story25_comment,aweme_detail.author.story_interactive,aweme_detail.author.story_ttl,aweme_detail.author.text_extra,aweme_detail.author.total_favorited,aweme_detail.author.uid,aweme_detail.author.unique_id,aweme_detail.author.user_age,aweme_detail.author.user_canceled,aweme_detail.author.user_permissions,aweme_detail.author.verification_type,aweme_detail.author_mask_tag,aweme_detail.author_user_id,aweme_detail.aweme_acl.download_mask_panel.code,aweme_detail.aweme_acl.download_mask_panel.show_type,aweme_detail.aweme_control.can_comment,aweme_detail.aweme_control.can_forward,aweme_detail.aweme_control.can_share,aweme_detail.aweme_control.can_show_comment,aweme_detail.aweme_listen_struct.trace_info,aweme_detail.aweme_type,aweme_detail.aweme_type_tags,aweme_detail.boost_status,aweme_detail.can_cache_to_local,aweme_detail.caption,aweme_detail.cf_assets_type,aweme_detail.cf_recheck_ts,aweme_detail.challenge_position,aweme_detail.chapter_list,aweme_detail.collect_stat,aweme_detail.collection_corner_mark,aweme_detail.comment_gid,aweme_detail.comment_list,aweme_detail.comment_permission_info.can_comment,aweme_detail.comment_permission_info.comment_permission_status,aweme_detail.comment_permission_info.item_detail_entry,aweme_detail.comment_permission_info.press_entry,aweme_detail.comment_permission_info.toast_guide,aweme_detail.commerce_config_data,aweme_detail.component_control.data_source_url,aweme_detail.component_info_v2,aweme_detail.cover_labels,aweme_detail.danmaku_control.activities.0.id,aweme_detail.danmaku_control.activities.0.type,aweme_detail.danmaku_control.danmaku_cnt,aweme_detail.danmaku_control.enable_danmaku,aweme_detail.danmaku_control.is_post_denied,aweme_detail.danmaku_control.pass_through_params,aweme_detail.danmaku_control.post_denied_reason,aweme_detail.danmaku_control.post_privilege_level,aweme_detail.danmaku_control.skip_danmaku,aweme_detail.danmaku_control.smart_mode_decision,aweme_detail.disable_relation_bar,aweme_detail.dislike_dimension_list,aweme_detail.dislike_dimension_list_v2,aweme_detail.distribute_circle.campus_block_interaction,aweme_detail.distribute_circle.distribute_type,aweme_detail.distribute_circle.is_campus,aweme_detail.diversion_bar_info,aweme_detail.douplus_user_type,aweme_detail.douyin_pc_video_extra_seo,aweme_detail.duet_aggregate_in_music_tab,aweme_detail.duration,aweme_detail.ecom_comment_atmosphere_type,aweme_detail.enable_comment_sticker_rec,aweme_detail.enable_decorated_emoji,aweme_detail.ent_log_extra.log_extra,aweme_detail.entertainment_product_info.market_info.limit_free.in_free,aweme_detail.entertainment_recommend_info,aweme_detail.entertainment_video_paid_way.enable_use_new_ent_data,aweme_detail.entertainment_video_paid_way.paid_type,aweme_detail.entertainment_video_paid_way.paid_ways,aweme_detail.entertainment_video_type,aweme_detail.fall_card_struct.recommend_reason_v2,aweme_detail.feed_comment_config.audio_comment_permission,aweme_detail.feed_comment_config.author_audit_status,aweme_detail.feed_comment_config.common_comment_permission,aweme_detail.feed_comment_config.common_flags,aweme_detail.feed_comment_config.double_publish_limit,aweme_detail.feed_comment_config.input_config_text,aweme_detail.feed_comment_config.input_config_text_type,aweme_detail.flash_mob_trends,aweme_detail.follow_shoot_clip_info.clip_from_user,aweme_detail.follow_shoot_clip_info.clip_video_all,aweme_detail.friend_recommend_info.disable_friend_recommend_guide_label,aweme_detail.friend_recommend_info.friend_recommend_source,aweme_detail.game_tag_info.is_game,aweme_detail.geofencing,aweme_detail.geofencing_regions,aweme_detail.group_id,aweme_detail.guide_scene_info,aweme_detail.hybrid_label,aweme_detail.image_album_music_info.begin_time,aweme_detail.image_album_music_info.end_time,aweme_detail.image_album_music_info.volume,aweme_detail.image_comment.comment_highlight_text,aweme_detail.image_crop_ctrl,aweme_detail.image_infos,aweme_detail.image_list,aweme_detail.images,aweme_detail.img_bitrate,aweme_detail.impression_data.group_id_list_a,aweme_detail.impression_data.group_id_list_b,aweme_detail.impression_data.group_id_list_c,aweme_detail.impression_data.group_id_list_d,aweme_detail.impression_data.similar_id_list_a,aweme_detail.impression_data.similar_id_list_b,aweme_detail.incentive_item_type,aweme_detail.interaction_stickers,aweme_detail.is_24_story,aweme_detail.is_25_story,aweme_detail.is_ads,aweme_detail.is_aigc_media,aweme_detail.is_collects_selected,aweme_detail.is_duet_sing,aweme_detail.is_from_ad_auth,aweme_detail.is_image_beat,aweme_detail.is_life_item,aweme_detail.is_moment_history,aweme_detail.is_moment_story,aweme_detail.is_new_text_mode,aweme_detail.is_share_post,aweme_detail.is_story,aweme_detail.is_subtitled,aweme_detail.is_top,aweme_detail.is_use_music,aweme_detail.item_aigc_follow_shot,aweme_detail.item_title,aweme_detail.item_warn_notification.content,aweme_detail.item_warn_notification.show,aweme_detail.item_warn_notification.type,aweme_detail.label_top_text,aweme_detail.libfinsert_task_id,aweme_detail.long_video,aweme_detail.mark_largely_following,aweme_detail.media_type,aweme_detail.music.album,aweme_detail.music.artist_user_infos,aweme_detail.music.artists,aweme_detail.music.audition_duration,aweme_detail.music.author,aweme_detail.music.author_deleted,aweme_detail.music.author_position,aweme_detail.music.author_status,aweme_detail.music.avatar_large.height,aweme_detail.music.avatar_large.uri,aweme_detail.music.avatar_large.url_list.0,aweme_detail.music.avatar_large.width,aweme_detail.music.avatar_medium.height,aweme_detail.music.avatar_medium.uri,aweme_detail.music.avatar_medium.url_list.0,aweme_detail.music.avatar_medium.width,aweme_detail.music.avatar_thumb.height,aweme_detail.music.avatar_thumb.uri,aweme_detail.music.avatar_thumb.url_list.0,aweme_detail.music.avatar_thumb.width,aweme_detail.music.binded_challenge_id,aweme_detail.music.can_background_play,aweme_detail.music.collect_stat,aweme_detail.music.cover_hd.height,aweme_detail.music.cover_hd.uri,aweme_detail.music.cover_hd.url_list.0,aweme_detail.music.cover_hd.width,aweme_detail.music.cover_large.height,aweme_detail.music.cover_large.uri,aweme_detail.music.cover_large.url_list.0,aweme_detail.music.cover_large.width,aweme_detail.music.cover_medium.height,aweme_detail.music.cover_medium.uri,aweme_detail.music.cover_medium.url_list.0,aweme_detail.music.cover_medium.width,aweme_detail.music.cover_thumb.height,aweme_detail.music.cover_thumb.uri,aweme_detail.music.cover_thumb.url_list.0,aweme_detail.music.cover_thumb.width,aweme_detail.music.dmv_auto_show,aweme_detail.music.dsp_status,aweme_detail.music.duration,aweme_detail.music.end_time,aweme_detail.music.external_song_info,aweme_detail.music.extra,aweme_detail.music.id,aweme_detail.music.id_str,aweme_detail.music.is_audio_url_with_cookie,aweme_detail.music.is_commerce_music,aweme_detail.music.is_del_video,aweme_detail.music.is_matched_metadata,aweme_detail.music.is_original,aweme_detail.music.is_original_sound,aweme_detail.music.is_pgc,aweme_detail.music.is_restricted,aweme_detail.music.is_video_self_see,aweme_detail.music.lyric_short_position,aweme_detail.music.mid,aweme_detail.music.music_chart_ranks,aweme_detail.music.music_collect_count,aweme_detail.music.music_cover_atmosphere_color_value,aweme_detail.music.music_status,aweme_detail.music.musician_user_infos,aweme_detail.music.mute_share,aweme_detail.music.offline_desc,aweme_detail.music.owner_handle,aweme_detail.music.owner_id,aweme_detail.music.owner_nickname,aweme_detail.music.pgc_music_type,aweme_detail.music.play_url.height,aweme_detail.music.play_url.uri,aweme_detail.music.play_url.url_key,aweme_detail.music.play_url.url_list.0,aweme_detail.music.play_url.url_list.1,aweme_detail.music.play_url.width,aweme_detail.music.position,aweme_detail.music.prevent_download,aweme_detail.music.prevent_item_download_status,aweme_detail.music.preview_end_time,aweme_detail.music.preview_start_time,aweme_detail.music.reason_type,aweme_detail.music.redirect,aweme_detail.music.schema_url,aweme_detail.music.search_impr.entity_id,aweme_detail.music.sec_uid,aweme_detail.music.shoot_duration,aweme_detail.music.show_origin_clip,aweme_detail.music.source_platform,aweme_detail.music.start_time,aweme_detail.music.status,aweme_detail.music.tag_list,aweme_detail.music.title,aweme_detail.music.unshelve_countries,aweme_detail.music.user_count,aweme_detail.music.video_duration,aweme_detail.nickname_position,aweme_detail.origin_comment_ids,aweme_detail.origin_duet_resource_uri,aweme_detail.origin_text_extra,aweme_detail.original,aweme_detail.original_images,aweme_detail.pack_usage_scene_by_req_path,aweme_detail.packed_clips,aweme_detail.pc_need_login,aweme_detail.personal_page_botton_diagnose_style,aweme_detail.photo_search_entrance.ecom_type,aweme_detail.play_progress.last_modified_time,aweme_detail.play_progress.play_progress,aweme_detail.position,aweme_detail.preview_title,aweme_detail.preview_video_status,aweme_detail.product_genre_info.material_genre_sub_type_set.0,aweme_detail.product_genre_info.product_genre_type,aweme_detail.product_genre_info.special_info.recommend_group_name,aweme_detail.promotions,aweme_detail.publish_plus_alienation.alienation_type,aweme_detail.rate,aweme_detail.region,aweme_detail.relation_labels,aweme_detail.risk_infos.content,aweme_detail.risk_infos.risk_sink,aweme_detail.risk_infos.type,aweme_detail.risk_infos.vote,aweme_detail.risk_infos.warn,aweme_detail.sec_item_id,aweme_detail.select_anchor_expanded_content,aweme_detail.seo_info,aweme_detail.series_basic_info,aweme_detail.series_paid_info.item_price,aweme_detail.series_paid_info.series_paid_status,aweme_detail.share_info.share_desc,aweme_detail.share_info.share_desc_info,aweme_detail.share_info.share_link_desc,aweme_detail.share_info.share_url,aweme_detail.share_rec_extra,aweme_detail.shoot_way,aweme_detail.should_open_ad_report,aweme_detail.show_follow_button,aweme_detail.social_tag_list,aweme_detail.statistics.admire_count,aweme_detail.statistics.aweme_id,aweme_detail.statistics.play_count,aweme_detail.statistics.recommend_count,aweme_detail.status.allow_friend_recommend,aweme_detail.status.allow_friend_recommend_guide,aweme_detail.status.allow_self_recommend_to_friend,aweme_detail.status.allow_share,aweme_detail.status.aweme_id,aweme_detail.status.enable_soft_delete,aweme_detail.status.in_reviewing,aweme_detail.status.is_delete,aweme_detail.status.is_prohibited,aweme_detail.status.listen_video_status,aweme_detail.status.not_allow_soft_del_reason,aweme_detail.status.part_see,aweme_detail.status.private_status,aweme_detail.status.review_result.review_status,aweme_detail.text_extra.0.caption_end,aweme_detail.text_extra.0.caption_start,aweme_detail.text_extra.0.end,aweme_detail.text_extra.0.hashtag_id,aweme_detail.text_extra.0.hashtag_name,aweme_detail.text_extra.0.is_commerce,aweme_detail.text_extra.0.start,aweme_detail.text_extra.0.type,aweme_detail.text_extra.1.caption_end,aweme_detail.text_extra.1.caption_start,aweme_detail.text_extra.1.end,aweme_detail.text_extra.1.hashtag_id,aweme_detail.text_extra.1.hashtag_name,aweme_detail.text_extra.1.is_commerce,aweme_detail.text_extra.1.start,aweme_detail.text_extra.1.type,aweme_detail.text_extra.2.caption_end,aweme_detail.text_extra.2.caption_start,aweme_detail.text_extra.2.end,aweme_detail.text_extra.2.hashtag_id,aweme_detail.text_extra.2.hashtag_name,aweme_detail.text_extra.2.is_commerce,aweme_detail.text_extra.2.start,aweme_detail.text_extra.2.type,aweme_detail.trends_event_track,aweme_detail.uniqid_position,aweme_detail.user_digged,aweme_detail.user_recommend_status,aweme_detail.video.audio,aweme_detail.video.big_thumbs.0.duration,aweme_detail.video.big_thumbs.0.fext,aweme_detail.video.big_thumbs.0.img_num,aweme_detail.video.big_thumbs.0.img_url,aweme_detail.video.big_thumbs.0.img_urls.0,aweme_detail.video.big_thumbs.0.img_urls.1,aweme_detail.video.big_thumbs.0.img_x_len,aweme_detail.video.big_thumbs.0.img_x_size,aweme_detail.video.big_thumbs.0.img_y_len,aweme_detail.video.big_thumbs.0.img_y_size,aweme_detail.video.big_thumbs.0.interval,aweme_detail.video.big_thumbs.0.uri,aweme_detail.video.big_thumbs.0.uris.0,aweme_detail.video.big_thumbs.0.uris.1,aweme_detail.video.bit_rate.0.FPS,aweme_detail.video.bit_rate.0.HDR_bit,aweme_detail.video.bit_rate.0.HDR_type,aweme_detail.video.bit_rate.0.bit_rate,aweme_detail.video.bit_rate.0.format,aweme_detail.video.bit_rate.0.gear_name,aweme_detail.video.bit_rate.0.is_bytevc1,aweme_detail.video.bit_rate.0.is_h265,aweme_detail.video.bit_rate.0.play_addr.data_size,aweme_detail.video.bit_rate.0.play_addr.file_cs,aweme_detail.video.bit_rate.0.play_addr.file_hash,aweme_detail.video.bit_rate.0.play_addr.height,aweme_detail.video.bit_rate.0.play_addr.uri,aweme_detail.video.bit_rate.0.play_addr.url_key,aweme_detail.video.bit_rate.0.play_addr.url_list.0,aweme_detail.video.bit_rate.0.play_addr.url_list.1,aweme_detail.video.bit_rate.0.play_addr.url_list.2,aweme_detail.video.bit_rate.0.play_addr.width,aweme_detail.video.bit_rate.0.quality_type,aweme_detail.video.bit_rate.0.video_extra,aweme_detail.video.bit_rate.1.FPS,aweme_detail.video.bit_rate.1.HDR_bit,aweme_detail.video.bit_rate.1.HDR_type,aweme_detail.video.bit_rate.1.bit_rate,aweme_detail.video.bit_rate.1.format,aweme_detail.video.bit_rate.1.gear_name,aweme_detail.video.bit_rate.1.is_bytevc1,aweme_detail.video.bit_rate.1.is_h265,aweme_detail.video.bit_rate.1.play_addr.data_size,aweme_detail.video.bit_rate.1.play_addr.file_cs,aweme_detail.video.bit_rate.1.play_addr.file_hash,aweme_detail.video.bit_rate.1.play_addr.height,aweme_detail.video.bit_rate.1.play_addr.uri,aweme_detail.video.bit_rate.1.play_addr.url_key,aweme_detail.video.bit_rate.1.play_addr.url_list.0,aweme_detail.video.bit_rate.1.play_addr.url_list.1,aweme_detail.video.bit_rate.1.play_addr.url_list.2,aweme_detail.video.bit_rate.1.play_addr.width,aweme_detail.video.bit_rate.1.quality_type,aweme_detail.video.bit_rate.1.video_extra,aweme_detail.video.bit_rate.2.FPS,aweme_detail.video.bit_rate.2.HDR_bit,aweme_detail.video.bit_rate.2.HDR_type,aweme_detail.video.bit_rate.2.bit_rate,aweme_detail.video.bit_rate.2.format,aweme_detail.video.bit_rate.2.gear_name,aweme_detail.video.bit_rate.2.is_bytevc1,aweme_detail.video.bit_rate.2.is_h265,aweme_detail.video.bit_rate.2.play_addr.data_size,aweme_detail.video.bit_rate.2.play_addr.file_cs,aweme_detail.video.bit_rate.2.play_addr.file_hash,aweme_detail.video.bit_rate.2.play_addr.height,aweme_detail.video.bit_rate.2.play_addr.uri,aweme_detail.video.bit_rate.2.play_addr.url_key,aweme_detail.video.bit_rate.2.play_addr.url_list.0,aweme_detail.video.bit_rate.2.play_addr.url_list.1,aweme_detail.video.bit_rate.2.play_addr.url_list.2,aweme_detail.video.bit_rate.2.play_addr.width,aweme_detail.video.bit_rate.2.quality_type,aweme_detail.video.bit_rate.2.video_extra,aweme_detail.video.bit_rate.3.FPS,aweme_detail.video.bit_rate.3.HDR_bit,aweme_detail.video.bit_rate.3.HDR_type,aweme_detail.video.bit_rate.3.bit_rate,aweme_detail.video.bit_rate.3.format,aweme_detail.video.bit_rate.3.gear_name,aweme_detail.video.bit_rate.3.is_bytevc1,aweme_detail.video.bit_rate.3.is_h265,aweme_detail.video.bit_rate.3.play_addr.data_size,aweme_detail.video.bit_rate.3.play_addr.file_cs,aweme_detail.video.bit_rate.3.play_addr.file_hash,aweme_detail.video.bit_rate.3.play_addr.height,aweme_detail.video.bit_rate.3.play_addr.uri,aweme_detail.video.bit_rate.3.play_addr.url_key,aweme_detail.video.bit_rate.3.play_addr.url_list.0,aweme_detail.video.bit_rate.3.play_addr.url_list.1,aweme_detail.video.bit_rate.3.play_addr.url_list.2,aweme_detail.video.bit_rate.3.play_addr.width,aweme_detail.video.bit_rate.3.quality_type,aweme_detail.video.bit_rate.3.video_extra,aweme_detail.video.bit_rate_audio,aweme_detail.video.cdn_url_expired,aweme_detail.video.cover.height,aweme_detail.video.cover.uri,aweme_detail.video.cover.url_list.0,aweme_detail.video.cover.url_list.1,aweme_detail.video.cover.width,aweme_detail.video.cover_original_scale.height,aweme_detail.video.cover_original_scale.uri,aweme_detail.video.cover_original_scale.url_list.0,aweme_detail.video.cover_original_scale.url_list.1,aweme_detail.video.cover_original_scale.width,aweme_detail.video.download_addr.data_size,aweme_detail.video.download_addr.file_cs,aweme_detail.video.download_addr.height,aweme_detail.video.download_addr.uri,aweme_detail.video.download_addr.url_list.0,aweme_detail.video.download_addr.url_list.1,aweme_detail.video.download_addr.url_list.2,aweme_detail.video.download_addr.width,aweme_detail.video.download_suffix_logo_addr.data_size,aweme_detail.video.download_suffix_logo_addr.file_cs,aweme_detail.video.download_suffix_logo_addr.height,aweme_detail.video.download_suffix_logo_addr.uri,aweme_detail.video.download_suffix_logo_addr.url_list.0,aweme_detail.video.download_suffix_logo_addr.url_list.1,aweme_detail.video.download_suffix_logo_addr.url_list.2,aweme_detail.video.download_suffix_logo_addr.width,aweme_detail.video.duration,aweme_detail.video.dynamic_cover.height,aweme_detail.video.dynamic_cover.uri,aweme_detail.video.dynamic_cover.url_list.0,aweme_detail.video.dynamic_cover.url_list.1,aweme_detail.video.dynamic_cover.width,aweme_detail.video.format,aweme_detail.video.gaussian_cover.height,aweme_detail.video.gaussian_cover.uri,aweme_detail.video.gaussian_cover.url_list.0,aweme_detail.video.gaussian_cover.url_list.1,aweme_detail.video.gaussian_cover.width,aweme_detail.video.has_download_suffix_logo_addr,aweme_detail.video.has_watermark,aweme_detail.video.height,aweme_detail.video.is_h265,aweme_detail.video.is_source_HDR,aweme_detail.video.meta,aweme_detail.video.origin_cover.height,aweme_detail.video.origin_cover.uri,aweme_detail.video.origin_cover.url_list.0,aweme_detail.video.origin_cover.url_list.1,aweme_detail.video.origin_cover.width,aweme_detail.video.play_addr.data_size,aweme_detail.video.play_addr.file_cs,aweme_detail.video.play_addr.file_hash,aweme_detail.video.play_addr.height,aweme_detail.video.play_addr.uri,aweme_detail.video.play_addr.url_key,aweme_detail.video.play_addr.url_list.0,aweme_detail.video.play_addr.url_list.1,aweme_detail.video.play_addr.url_list.2,aweme_detail.video.play_addr.width,aweme_detail.video.play_addr_265.data_size,aweme_detail.video.play_addr_265.file_cs,aweme_detail.video.play_addr_265.file_hash,aweme_detail.video.play_addr_265.height,aweme_detail.video.play_addr_265.uri,aweme_detail.video.play_addr_265.url_key,aweme_detail.video.play_addr_265.url_list.0,aweme_detail.video.play_addr_265.url_list.1,aweme_detail.video.play_addr_265.url_list.2,aweme_detail.video.play_addr_265.width,aweme_detail.video.play_addr_h264.data_size,aweme_detail.video.play_addr_h264.file_cs,aweme_detail.video.play_addr_h264.file_hash,aweme_detail.video.play_addr_h264.height,aweme_detail.video.play_addr_h264.uri,aweme_detail.video.play_addr_h264.url_key,aweme_detail.video.play_addr_h264.url_list.0,aweme_detail.video.play_addr_h264.url_list.1,aweme_detail.video.play_addr_h264.url_list.2,aweme_detail.video.play_addr_h264.width,aweme_detail.video.ratio,aweme_detail.video.video_model,aweme_detail.video.width,aweme_detail.video_control.allow_douplus,aweme_detail.video_control.allow_download,aweme_detail.video_control.allow_duet,aweme_detail.video_control.allow_dynamic_wallpaper,aweme_detail.video_control.allow_music,aweme_detail.video_control.allow_react,aweme_detail.video_control.allow_record,aweme_detail.video_control.allow_share,aweme_detail.video_control.allow_stitch,aweme_detail.video_control.disable_record_reason,aweme_detail.video_control.download_ignore_visibility,aweme_detail.video_control.download_info.fail_info.code,aweme_detail.video_control.download_info.fail_info.msg,aweme_detail.video_control.download_info.fail_info.reason,aweme_detail.video_control.download_info.level,aweme_detail.video_control.draft_progress_bar,aweme_detail.video_control.duet_ignore_visibility,aweme_detail.video_control.duet_info.level,aweme_detail.video_control.prevent_download_type,aweme_detail.video_control.share_grayed,aweme_detail.video_control.share_ignore_visibility,aweme_detail.video_control.share_type,aweme_detail.video_control.show_ai_corner,aweme_detail.video_control.show_progress_bar,aweme_detail.video_control.show_watermark,aweme_detail.video_control.timer_info,aweme_detail.video_control.timer_status,aweme_detail.video_game_data_channel_config,aweme_detail.video_labels,aweme_detail.video_share_edit_status,aweme_detail.video_tag.0.level,aweme_detail.video_tag.0.tag_id,aweme_detail.video_tag.0.tag_name,aweme_detail.video_tag.1.level,aweme_detail.video_tag.1.tag_id,aweme_detail.video_tag.1.tag_name,aweme_detail.video_tag.2.level,aweme_detail.video_tag.2.tag_id,aweme_detail.video_tag.2.tag_name,aweme_detail.video_text,aweme_detail.visual_search_info.is_ecom_img,aweme_detail.visual_search_info.is_high_accuracy_ecom,aweme_detail.visual_search_info.is_high_recall_ecom,aweme_detail.visual_search_info.is_show_img_entrance,aweme_detail.xigua_base_info.item_id,aweme_detail.xigua_base_info.star_altar_order_id,aweme_detail.xigua_base_info.star_altar_type,aweme_detail.xigua_base_info.status,log_pb.impr_id,status_code,raw_json
douyin,https://www.iesdouyin.com/share/video/7652021259866034118#ocr,7652021259866034118,7652021259866034118,7652021259866034118,https://www.iesdouyin.com/share/video/7652021259866034118/?region=CN&mid=7652021157277240110&u_code=44m4h1869kgg&did=MS4wLjABAAAAFR-Yym4PxHgYTtEAweV1qMokFrs7ZzAM5_4eA5I4QK4J4iyEBFgAVISifgjoiw5G&iid=MS4wLjABAAAANwkJuWIRFOzg5uCpDRpMj4OX-QryoDgn-yYlXQnRwQQ&with_sec_did=1&video_share_track_ver=&titleType=title&share_sign=D1xJMDNrlzMg3GsDvAuFNg6ucPJ_fSoQlDSgssaJXe4-&share_version=170400&ts=1781747291&from_aid=6383&from_ssr=1&share_track_info=%7B%22link_description_type%22%3A%22%22%7D,刘哥,"#滴滴夏季香卡
#滴滴夏日小乘凉
#滴滴好服务有回报",68,0,24,0,1781625035,0,,MS4wLjAAAAAA7xCuPwvlTW1Qk1tHTR6N4PNIQwCnN76GKUpTS7dDMgqdYpa4Ln1S1hsBZjXWq-bz7lyqQLhOYd2vO8s64JZ6MzBbsgkt6w0QafU5c6WgM0imbw5OadUYrWhTdJxkePVdEFBrJN3bjLxHKQCG7goHCeJZvWaYCoUoWk9QpNFHsEPXMs-RfZLt0ZWe75Cb7FfuOiNChorYUhsf3tX8fkmV6SLGAHgx8occL0mJXZrro6RxCNysfNZa_PsPRQECBggBEfKbdIooq5SkFYUugF1BOQ,{},720,100x100/aweme-avatar/tos-cn-avt-0015_854eb6bff22d76478f9db10479188f55,https://p3-pc.douyinpic.com/aweme/100x100/aweme-avatar/tos-cn-avt-0015_854eb6bff22d76478f9db10479188f55.jpeg?from=327834062,720,,,0,1,,720,c8510002be9a3a61aad2,https://p3-pc-sign.douyinpic.com/obj/c8510002be9a3a61aad2?lk3s=138a59ce&x-expires=1782954000&x-signature=npY8z%2FcQZLQ8a9kjX9FUfENi1AA%3D&from=327834062,https://p9-pc-sign.douyinpic.com/obj/c8510002be9a3a61aad2?lk3s=138a59ce&x-expires=1782954000&x-signature=zbtn66RmyDQXmJ6aEIpnr7qI%2BY8%3D&from=327834062,720,0,,,,,269200,0,10610,,0,0,0,0,,False,False,False,0,0,1,0,,,False,,MS4wLjABAAAAr0KL-W9cH04a2AsRtzBeN_c3hun52lr3-7lBhBpA0PDU3VNN7Q185H2tBJnsmRC5,0,,,720,31c5200094a4160682a35,https://p3-pc-sign.douyinpic.com/obj/31c5200094a4160682a35?lk3s=138a59ce&x-expires=1781766000&x-signature=dB3I4bJrxnS%2BEpzLU9yIFj1Hh1w%3D&from=327834062,https://p9-pc-sign.douyinpic.com/obj/31c5200094a4160682a35?lk3s=138a59ce&x-expires=1781766000&x-signature=OHWqoMAWxsQDQLWP5GEZQy%2FoMJo%3D&from=327834062,720,,,,,,28508363278,"80年代出生在一个贫苦农村家庭，
打过工几年，也创业过几年，
希望我的分享给你们带来开心快乐",,0,,1,1,4,7,,377111,1561725823883464,28508363278,43,False,,1,0,1561725823883464,1,0,True,True,True,True,"{""copyright_not_speech"":""false"",""copyright_reason"":""not_intercept"",""copyright_tag_hit"":""0"",""copyright_use_aed_default"":""false"",""copyright_use_tag_default"":""false"",""cp_ab"":""true"",""desc"":"""",""duration_over"":""false"",""hit_high_risk"":""false"",""media_type"":""4"",""reason"":""hit_ab_0"",""show"":""false""}",0,,0,True,"#滴滴夏季香卡
#滴滴夏日小乘凉
#滴滴好服务有回报",0,0,,,0,0,7652021259866034176,,True,0,False,False,False,,/aweme/v1/web/aweme/detail/,"{""desc_lines_limit"":0,""hide_marquee"":false}",,1224,1,0,True,False,{},,0,True,0,0,,,False,0,False,[],0,,False,32567,0,True,True,"{""global_log_extra"":null,""page_log_extra"":null,""aweme_log_extra"":{""ce_current_group_id"":""7652021259866034118"",""author_id"":""1561725823883464""},""extra_log_extra"":null}",False,"{""recommend_free_count"":0,""test_info"":"""",""recommend_playlet_trigger_reqid"":"""",""recommend_playlet_trigger_cid"":"""",""recommend_playlet_trigger_reqid_type"":"""",""playlet_continue_play_config"":null,""roi3_mode"":0,""predict_identity"":""""}",False,0,[],3,[],0,0,0,"{""api_ab"":""0"",""hashtag"":""[{\""name\"":\""滴滴夏日小乘凉\"",\""id\"":7650509836618041359},{\""name\"":\""滴滴好服务有回报\"",\""id\"":7646382722141292553},{\""name\"":\""滴滴夏季香卡\"",\""id\"":7650509752934598671}]"",""item_author_nickname"":""刘哥"",""need_personal_rec"":""1"",""video_labels_v2_tag1"":""生活记录"",""video_labels_v2_tag2"":""职业生活"",""video_type"":""life_fan_life_video""}",1,善语结善缘，恶言伤人心,default_guide,0,7652021157277240320,7652021157277240320,False,26,False,[],,7652021259866034118,{},,-1,-1,-1,,0,,,,,[],[],[],[],,,0,,0,0,False,False,0,False,False,False,False,0,0,0,False,0,0,0,False,1,,,False,0,,,,False,4,,,[],32,刘哥,False,,1,720,1080x1080/aweme-avatar/tos-cn-avt-0015_854eb6bff22d76478f9db10479188f55,https://p3-pc.douyinpic.com/aweme/1080x1080/aweme-avatar/tos-cn-avt-0015_854eb6bff22d76478f9db10479188f55.jpeg?from=327834062,720,720,720x720/aweme-avatar/tos-cn-avt-0015_854eb6bff22d76478f9db10479188f55,https://p3-pc.douyinpic.com/aweme/720x720/aweme-avatar/tos-cn-avt-0015_854eb6bff22d76478f9db10479188f55.jpeg?from=327834062,720,720,100x100/aweme-avatar/tos-cn-avt-0015_854eb6bff22d76478f9db10479188f55,https://p3-pc.douyinpic.com/aweme/100x100/aweme-avatar/tos-cn-avt-0015_854eb6bff22d76478f9db10479188f55.jpeg?from=327834062,720,0,True,0,720,1080x1080/aweme-avatar/tos-cn-avt-0015_854eb6bff22d76478f9db10479188f55,https://p3-pc.douyinpic.com/aweme/1080x1080/aweme-avatar/tos-cn-avt-0015_854eb6bff22d76478f9db10479188f55.jpeg?from=327834062,720,720,1080x1080/aweme-avatar/tos-cn-avt-0015_854eb6bff22d76478f9db10479188f55,https://p3-pc.douyinpic.com/aweme/1080x1080/aweme-avatar/tos-cn-avt-0015_854eb6bff22d76478f9db10479188f55.jpeg?from=327834062,720,720,720x720/aweme-avatar/tos-cn-avt-0015_854eb6bff22d76478f9db10479188f55,https://p3-pc.douyinpic.com/aweme/720x720/aweme-avatar/tos-cn-avt-0015_854eb6bff22d76478f9db10479188f55.jpeg?from=327834062,720,720,100x100/aweme-avatar/tos-cn-avt-0015_854eb6bff22d76478f9db10479188f55,https://p3-pc.douyinpic.com/aweme/100x100/aweme-avatar/tos-cn-avt-0015_854eb6bff22d76478f9db10479188f55.jpeg?from=327834062,720,False,10,32,0,[],"{""aed_singing_score"":0.01,""aggregate_exempt_conf"":[],""aigc_clip"":false,""beats"":{},""cover_colors"":null,""diversion_music_detail_preload"":{""author"":"""",""cover_medium"":null,""diversion_code"":1,""is_same"":false,""luna_song_id"":7621056832257558571,""scene"":0,""show_head"":false,""title"":""""},""douyin_beats_info"":{},""dsp_switch"":0,""extract_item_id"":7652021259866034118,""has_edited"":0,""hotsoon_review_time"":-1,""is_aed_music"":0,""is_red"":0,""is_subsidy_exp"":false,""long_pic_video_usable"":true,""music_display_mapping_title"":""春天的草 - yuhong126"",""music_label_id"":null,""music_tagging"":{""AEDs"":[""non_vocal""],""Genres"":null,""Instruments"":null,""Languages"":[""non_vocal""],""Moods"":[""Miss"",""Memory""],""SingingVersions"":null,""Themes"":[""Love"",""Autumn""]},""review_unshelve_reason"":0,""reviewed"":0,""schedule_search_time"":0,""uniqa_speech_score"":0.88,""with_aed_model"":0}",7652021157277240320,7652021157277240110,False,False,False,False,False,True,False,False,False,,7652021157277240110,,0,,1,,False,,28508363278,1561725823883464,刘哥,2,720,https://sf6-cdn-tos.douyinstatic.com/obj/ies-music/7652021239762012966.mp3,7652021157277240110,https://sf6-cdn-tos.douyinstatic.com/obj/ies-music/7652021239762012966.mp3,https://sf11-cdn-tos.douyinstatic.com/obj/ies-music/7652021239762012966.mp3,720,,False,0,0,0,0,False,,7652021157277240110,MS4wLjABAAAAr0KL-W9cH04a2AsRtzBeN_c3hun52lr3-7lBhBpA0PDU3VNN7Q185H2tBJnsmRC5,32,False,23,0,1,,@刘哥创作的原声,,0,32,,,,[],0,,/aweme/v1/web/aweme/detail/,,False,0,0,0,0,,"#滴滴夏季香卡
#滴滴夏日小乘凉
#滴滴好服务有回报",1,4,2,0,[],0,12,CN,,,False,0,False,False,MS4wLjAAAAAA9-WM0olu-GmldMrv9ceqnZzXnoguJ9BR4nuTgTcXlO-fUZy8FLp6uun2r_lDNFlg,0,{},{},0,0,在抖音，记录美好生活,"#在抖音，记录美好生活##滴滴夏季香卡
#滴滴夏日小乘凉
#滴滴好服务有回报",9.46 t@R.xf GiP:/ 07/20 :6pm # 滴滴夏季香卡 # 滴滴夏日小乘凉 # 滴滴好服务有回报  %s 复制此链接，打开Dou音搜索，直接观看视频！,https://www.iesdouyin.com/share/video/7652021259866034118/?region=CN&mid=7652021157277240110&u_code=44m4h1869kgg&did=MS4wLjABAAAAFR-Yym4PxHgYTtEAweV1qMokFrs7ZzAM5_4eA5I4QK4J4iyEBFgAVISifgjoiw5G&iid=MS4wLjABAAAANwkJuWIRFOzg5uCpDRpMj4OX-QryoDgn-yYlXQnRwQQ&with_sec_did=1&video_share_track_ver=&titleType=title&share_sign=D1xJMDNrlzMg3GsDvAuFNg6ucPJ_fSoQlDSgssaJXe4-&share_version=170400&ts=1781747291&from_aid=6383&from_ssr=1&share_track_info=%7B%22link_description_type%22%3A%22%22%7D,,direct_shoot,False,{},,0,7652021259866034118,0,0,False,False,True,True,7652021259866034118,0,False,False,False,2,ab,0,0,0,7,0,7,7650509752934598671,滴滴夏季香卡,False,0,1,16,8,16,7650509836618041359,滴滴夏日小乘凉,False,8,1,26,17,26,7646382722141292553,滴滴好服务有回报,False,17,1,{},,0,1,{},32.566666,jpg,33,https://p5-ex-gddgtc-sign.douyinpic.com/tos-cn-p-0015/oke7DYIxaVAe6iaaBcFh4jAQGeAMLBIgPCmUuQ~tplv-noop.image?cquery=100B_100x_100z_100o_100w&dy_q=1781747291&l=202606180948116BE95689443650E9B644&x-expires=1781758123&x-signature=Vy5hUIng9eL1PtNMy2lqY%2FZNpk8%3D,https://p5-ex-gddgtc-sign.douyinpic.com/tos-cn-p-0015/oke7DYIxaVAe6iaaBcFh4jAQGeAMLBIgPCmUuQ~tplv-noop.image?cquery=100B_100x_100z_100o_100w&dy_q=1781747291&l=202606180948116BE95689443650E9B644&x-expires=1781758123&x-signature=Vy5hUIng9eL1PtNMy2lqY%2FZNpk8%3D,https://p5-ex-gddgtc-sign.douyinpic.com/tos-cn-p-0015/oIIAAcIaSwPQjIix4dGPwPNsXBissBHcFjTwN~tplv-noop.image?cquery=100w_100B_100x_100z_100o&dy_q=1781747291&l=202606180948116BE95689443650E9B644&x-expires=1781758123&x-signature=ppRcHvZdITIk3VQ%2BtrVLBGbQOrA%3D,5,136,5,240,1,tos-cn-p-0015/oke7DYIxaVAe6iaaBcFh4jAQGeAMLBIgPCmUuQ,tos-cn-p-0015/oke7DYIxaVAe6iaaBcFh4jAQGeAMLBIgPCmUuQ,tos-cn-p-0015/oIIAAcIaSwPQjIix4dGPwPNsXBissBHcFjTwN,30,,,2238386,mp4,normal_720_0,0,0,9112190,"c:0-36713-cbed|d:0-4556094-6003,4556095-9112189-056b|a:v0d00fg10000d8on1c7og65go1oq7o7g",31124643ce72161093a2457349ea9d4d,1280,v0d00fg10000d8on1c7og65go1oq7o7g,v0d00fg10000d8on1c7og65go1oq7o7g_h264_720p_2238386,https://v26-web.douyinvod.com/5a01b0eb2b326904362ac4e13a09bceb/6a3378ab/video/tos/cn/tos-cn-ve-15/oAascQDHrIwP4wEsjIOiTQGFBPPjIIixAV3Aw/?a=6383&ch=26&cr=3&dr=0&lr=all&cd=0%7C0%7C0%7C3&cv=1&br=2185&bt=2185&cs=0&ds=3&ft=AJkeU_TLRR0sWrC12D12Nc.xBiGNbLIEswRU_4mHwCGJNv7TGW&mime_type=video_mp4&qs=0&rc=aGdpNmVpOWU5OTk1ZDhnPEBpanJ0NGo5cmZxOzMzNGkzM0AtNjUvYTVhNS4xNmE2LzY0YSM0NGxsMmQ0LmxhLS1kLWFzcw%3D%3D&btag=c0000e00018000&cquery=100w_100B_100x_100z_100o&dy_q=1781747291&feature_id=f5241e7604dff1d9d6c943fd20bd51a2&l=202606180948116BE95689443650E9B644,https://v11-weba.douyinvod.com/d4740745bd7a616acf6d092fcd0debab/6a3378ab/video/tos/cn/tos-cn-ve-15/oAascQDHrIwP4wEsjIOiTQGFBPPjIIixAV3Aw/?a=6383&ch=26&cr=3&dr=0&lr=all&cd=0%7C0%7C0%7C3&cv=1&br=2185&bt=2185&cs=0&ds=3&ft=AJkeU_TLRR0sWrC12D12Nc.xBiGNbLIEswRU_4mHwCGJNv7TGW&mime_type=video_mp4&qs=0&rc=aGdpNmVpOWU5OTk1ZDhnPEBpanJ0NGo5cmZxOzMzNGkzM0AtNjUvYTVhNS4xNmE2LzY0YSM0NGxsMmQ0LmxhLS1kLWFzcw%3D%3D&btag=c0000e00018000&cquery=100w_100B_100x_100z_100o&dy_q=1781747291&feature_id=f5241e7604dff1d9d6c943fd20bd51a2&l=202606180948116BE95689443650E9B644,https://www.douyin.com/aweme/v1/play/?video_id=v0d00fg10000d8on1c7og65go1oq7o7g&line=0&file_id=799d259ad29646168bd68fdb238f9d0e&sign=31124643ce72161093a2457349ea9d4d&is_play_url=1&source=PackSourceEnum_AWEME_DETAIL,720,10,"{""PktOffsetMap"":""[{\""time\"": 1, \""offset\"": 615888}, {\""time\"": 2, \""offset\"": 952873}, {\""time\"": 3, \""offset\"": 1368673}, {\""time\"": 4, \""offset\"": 1836194}, {\""time\"": 5, \""offset\"": 2085819}, {\""time\"": 10, \""offset\"": 3833684}]"",""format"":""mp4"",""definition"":""720p"",""quality"":""normal"",""file_id"":""799d259ad29646168bd68fdb238f9d0e"",""applog_map"":{""feature_id"":""f5241e7604dff1d9d6c943fd20bd51a2""},""audio_channels"":""2.0"",""audio_sample_rate"":""44100"",""audio_metrics"":null,""audio_score"":null}",30,,,831487,mp4,adapt_lowest_1080_1,1,1,3384881,"c:0-28437-e7ea|d:0-1692439-5374,1692440-3384880-3fd4|a:v0d00fg10000d8on1c7og65go1oq7o7g",369c7930254d72570752128c113ea91e,1920,v0d00fg10000d8on1c7og65go1oq7o7g,v0d00fg10000d8on1c7og65go1oq7o7g_bytevc1_1080p_831487,https://v26-web.douyinvod.com/4d4434ef4e7340e49f50256fd9d05cd3/6a3378ab/video/tos/cn/tos-cn-ve-15/oEAsQlQHOGiXI4PDFP1TwjigEwxPjakYAJBIw/?a=6383&ch=26&cr=3&dr=0&lr=all&cd=0%7C0%7C0%7C3&cv=1&br=811&bt=811&cs=2&ds=4&eid=45312&ft=AJkeU_TLRR0sWrC12D12Nc.xBiGNbLIEswRU_4mHwCGJNv7TGW&mime_type=video_mp4&qs=15&rc=ZGdnOWZmN2kzPGY4PDNkM0BpanJ0NGo5cmZxOzMzNGkzM0A2Nl4wYzNeXjExXzAyYWI1YSM0NGxsMmQ0LmxhLS1kLWFzcw%3D%3D&btag=c0000e00018000&cquery=100x_100z_100o_100w_100B&dy_q=1781747291&feature_id=156476dbfad67d61d69a17ee4bf67a00&l=202606180948116BE95689443650E9B644,https://v11-weba.douyinvod.com/1d60c294fd244aba1f30d4d7fd0041a5/6a3378ab/video/tos/cn/tos-cn-ve-15/oEAsQlQHOGiXI4PDFP1TwjigEwxPjakYAJBIw/?a=6383&ch=26&cr=3&dr=0&lr=all&cd=0%7C0%7C0%7C3&cv=1&br=811&bt=811&cs=2&ds=4&eid=45312&ft=AJkeU_TLRR0sWrC12D12Nc.xBiGNbLIEswRU_4mHwCGJNv7TGW&mime_type=video_mp4&qs=15&rc=ZGdnOWZmN2kzPGY4PDNkM0BpanJ0NGo5cmZxOzMzNGkzM0A2Nl4wYzNeXjExXzAyYWI1YSM0NGxsMmQ0LmxhLS1kLWFzcw%3D%3D&btag=c0000e00018000&cquery=100w_100B_100x_100z_100o&dy_q=1781747291&feature_id=156476dbfad67d61d69a17ee4bf67a00&l=202606180948116BE95689443650E9B644,https://www.douyin.com/aweme/v1/play/?video_id=v0d00fg10000d8on1c7og65go1oq7o7g&line=0&file_id=80ead05935bc4940afa46cfc36ad9d9a&sign=369c7930254d72570752128c113ea91e&is_play_url=1&source=PackSourceEnum_AWEME_DETAIL,1080,2,"{""PktOffsetMap"":""[{\""time\"": 1, \""offset\"": 328984}, {\""time\"": 2, \""offset\"": 385799}, {\""time\"": 3, \""offset\"": 510778}, {\""time\"": 4, \""offset\"": 621135}, {\""time\"": 5, \""offset\"": 673031}, {\""time\"": 10, \""offset\"": 1435111}]"",""format"":""mp4"",""definition"":""1080p"",""quality"":""adapt_lowest"",""file_id"":""80ead05935bc4940afa46cfc36ad9d9a"",""applog_map"":{""feature_id"":""156476dbfad67d61d69a17ee4bf67a00""},""mvmaf"":""{\""mvmaf_sr_v1080\"":94.928,\""mvmaf_sr_v960\"":95.478,\""mvmaf_sr_v864\"":96.56,\""mvmaf_sr_v720\"":97.848,\""mvmaf_ori_v1080\"":89.223,\""mvmaf_ori_v960\"":90.797,\""mvmaf_ori_v864\"":91.57,\""mvmaf_ori_v720\"":92.674}"",""audio_channels"":""2.0"",""audio_sample_rate"":""44100"",""audio_metrics"":null,""audio_score"":null}",30,,,525515,mp4,adapt_lowest_720_1,1,1,2139306,"c:0-28440-b4fb|d:0-1069652-cd43,1069653-2139305-fc57|a:v0d00fg10000d8on1c7og65go1oq7o7g",7d7a2dd84fca3838f9c0b872e34c040b,1280,v0d00fg10000d8on1c7og65go1oq7o7g,v0d00fg10000d8on1c7og65go1oq7o7g_bytevc1_720p_525515,https://v26-web.douyinvod.com/2f8f152b75ccc819daea0bdb31f5f690/6a3378ab/video/tos/cn/tos-cn-ve-15/oswGIkTiaPTPCBHjCswYPAE4xwjQIQFsAliP0/?a=6383&ch=26&cr=3&dr=0&lr=all&cd=0%7C0%7C0%7C3&cv=1&br=513&bt=513&cs=2&ds=3&eid=45312&ft=AJkeU_TLRR0sWrC12D12Nc.xBiGNbLIEswRU_4mHwCGJNv7TGW&mime_type=video_mp4&qs=15&rc=OzY7N2hlaTc3Ozc6ODZnOUBpanJ0NGo5cmZxOzMzNGkzM0BiLmJiLS82NS8xNTIvMjZjYSM0NGxsMmQ0LmxhLS1kLWFzcw%3D%3D&btag=c0000e00018000&cquery=100x_100z_100o_100w_100B&dy_q=1781747291&feature_id=27703fba0430012a7c1570f68d3f2948&l=202606180948116BE95689443650E9B644,https://v11-weba.douyinvod.com/20262f11946b15e20b367d88ccf0b944/6a3378ab/video/tos/cn/tos-cn-ve-15/oswGIkTiaPTPCBHjCswYPAE4xwjQIQFsAliP0/?a=6383&ch=26&cr=3&dr=0&lr=all&cd=0%7C0%7C0%7C3&cv=1&br=513&bt=513&cs=2&ds=3&eid=45312&ft=AJkeU_TLRR0sWrC12D12Nc.xBiGNbLIEswRU_4mHwCGJNv7TGW&mime_type=video_mp4&qs=15&rc=OzY7N2hlaTc3Ozc6ODZnOUBpanJ0NGo5cmZxOzMzNGkzM0BiLmJiLS82NS8xNTIvMjZjYSM0NGxsMmQ0LmxhLS1kLWFzcw%3D%3D&btag=c0000e00018000&cquery=100w_100B_100x_100z_100o&dy_q=1781747291&feature_id=27703fba0430012a7c1570f68d3f2948&l=202606180948116BE95689443650E9B644,https://www.douyin.com/aweme/v1/play/?video_id=v0d00fg10000d8on1c7og65go1oq7o7g&line=0&file_id=f69d532557844824849f2b0ee4e813e8&sign=7d7a2dd84fca3838f9c0b872e34c040b&is_play_url=1&source=PackSourceEnum_AWEME_DETAIL,720,15,"{""PktOffsetMap"":""[{\""time\"": 1, \""offset\"": 242271}, {\""time\"": 2, \""offset\"": 265409}, {\""time\"": 3, \""offset\"": 350161}, {\""time\"": 4, \""offset\"": 409933}, {\""time\"": 5, \""offset\"": 446099}, {\""time\"": 10, \""offset\"": 893423}]"",""format"":""mp4"",""definition"":""720p"",""quality"":""adapt_lowest"",""file_id"":""f69d532557844824849f2b0ee4e813e8"",""applog_map"":{""feature_id"":""27703fba0430012a7c1570f68d3f2948""},""mvmaf"":""{\""mvmaf_sr_v1080\"":92.676,\""mvmaf_sr_v960\"":94.464,\""mvmaf_sr_v864\"":95.207,\""mvmaf_sr_v720\"":97.23,\""mvmaf_ori_v1080\"":81.768,\""mvmaf_ori_v960\"":85.668,\""mvmaf_ori_v864\"":87.404,\""mvmaf_ori_v720\"":91.322}"",""audio_channels"":""2.0"",""audio_sample_rate"":""44100"",""audio_metrics"":null,""audio_score"":null}",30,,,433309,mp4,adapt_540_1,1,1,1763949,"c:0-28440-b740|d:0-881973-bad1,881974-1763948-703a|a:v0d00fg10000d8on1c7og65go1oq7o7g",bc9bfeeb1159b86da9df2c3bde580e56,1024,v0d00fg10000d8on1c7og65go1oq7o7g,v0d00fg10000d8on1c7og65go1oq7o7g_bytevc1_540p_433309,https://v26-web.douyinvod.com/bf2b830a414601c85dbdb30ba19d9876/6a3378ab/video/tos/cn/tos-cn-ve-15/oUBPIrjSQwxHbBQF5Awl4oATi7aP6sIGwijEP/?a=6383&ch=26&cr=3&dr=0&lr=all&cd=0%7C0%7C0%7C3&cv=1&br=423&bt=423&cs=2&ds=6&eid=45312&ft=AJkeU_TLRR0sWrC12D12Nc.xBiGNbLIEswRU_4mHwCGJNv7TGW&mime_type=video_mp4&qs=11&rc=OTVoMzg6NztoO2g7ZGZkZEBpanJ0NGo5cmZxOzMzNGkzM0AyLy5fMWBfXjUxLWIzMy42YSM0NGxsMmQ0LmxhLS1kLWFzcw%3D%3D&btag=c0000e00018000&cquery=100o_100w_100B_100x_100z&dy_q=1781747291&feature_id=27703fba0430012a7c1570f68d3f2948&l=202606180948116BE95689443650E9B644,https://v11-weba.douyinvod.com/c00c599f395b1f68f0c55e0e46f6b71f/6a3378ab/video/tos/cn/tos-cn-ve-15/oUBPIrjSQwxHbBQF5Awl4oATi7aP6sIGwijEP/?a=6383&ch=26&cr=3&dr=0&lr=all&cd=0%7C0%7C0%7C3&cv=1&br=423&bt=423&cs=2&ds=6&eid=45312&ft=AJkeU_TLRR0sWrC12D12Nc.xBiGNbLIEswRU_4mHwCGJNv7TGW&mime_type=video_mp4&qs=11&rc=OTVoMzg6NztoO2g7ZGZkZEBpanJ0NGo5cmZxOzMzNGkzM0AyLy5fMWBfXjUxLWIzMy42YSM0NGxsMmQ0LmxhLS1kLWFzcw%3D%3D&btag=c0000e00018000&cquery=100z_100o_100w_100B_100x&dy_q=1781747291&feature_id=27703fba0430012a7c1570f68d3f2948&l=202606180948116BE95689443650E9B644,https://www.douyin.com/aweme/v1/play/?video_id=v0d00fg10000d8on1c7og65go1oq7o7g&line=0&file_id=9a1a6c6ae80e488ea8b4c745b01e2256&sign=bc9bfeeb1159b86da9df2c3bde580e56&is_play_url=1&source=PackSourceEnum_AWEME_DETAIL,576,28,"{""PktOffsetMap"":""[{\""time\"": 1, \""offset\"": 193324}, {\""time\"": 2, \""offset\"": 215586}, {\""time\"": 3, \""offset\"": 285790}, {\""time\"": 4, \""offset\"": 330456}, {\""time\"": 5, \""offset\"": 360701}, {\""time\"": 10, \""offset\"": 712945}]"",""format"":""mp4"",""definition"":""540p"",""quality"":""adapt"",""file_id"":""9a1a6c6ae80e488ea8b4c745b01e2256"",""applog_map"":{""feature_id"":""27703fba0430012a7c1570f68d3f2948""},""mvmaf"":""{\""mvmaf_sr_v1080\"":89.447,\""mvmaf_sr_v960\"":92.221,\""mvmaf_sr_v864\"":93.311,\""mvmaf_sr_v720\"":95.733,\""mvmaf_ori_v1080\"":76.258,\""mvmaf_ori_v960\"":80.664,\""mvmaf_ori_v864\"":83.584,\""mvmaf_ori_v720\"":86.914}"",""audio_channels"":""2.0"",""audio_sample_rate"":""44100"",""audio_metrics"":null,""audio_score"":null}",,1781758123,720,tos-cn-p-0015/oYwPAjsAIFPAGBQ14rw4dIiwTaiMxHjwEcqDP,https://p3-pc-sign.douyinpic.com/tos-cn-p-0015/oYwPAjsAIFPAGBQ14rw4dIiwTaiMxHjwEcqDP~tplv-dy-resize-origshort-autoq-75:330.jpeg?lk3s=138a59ce&x-expires=2097104400&x-signature=k%2FpMf0xR6PZ8TbLjkZUkuuvdrQM%3D&from=327834062&s=PackSourceEnum_AWEME_DETAIL&se=false&sc=cover&biz_tag=pcweb_cover&l=202606180948116BE95689443650E9B644,https://p9-pc-sign.douyinpic.com/tos-cn-p-0015/oYwPAjsAIFPAGBQ14rw4dIiwTaiMxHjwEcqDP~tplv-dy-resize-origshort-autoq-75:330.jpeg?lk3s=138a59ce&x-expires=2097104400&x-signature=wbbx4W8Twhs4gLyTFmTx7tV9T6Q%3D&from=327834062&s=PackSourceEnum_AWEME_DETAIL&se=false&sc=cover&biz_tag=pcweb_cover&l=202606180948116BE95689443650E9B644,720,640,tos-cn-p-0015/oYwPAjsAIFPAGBQ14rw4dIiwTaiMxHjwEcqDP,https://p9-pc-sign.douyinpic.com/tos-cn-p-0015/oYwPAjsAIFPAGBQ14rw4dIiwTaiMxHjwEcqDP~tplv-dy-360p.jpeg?lk3s=138a59ce&x-expires=1782954000&x-signature=s2dkAGOL5XtEemGqXiW6yeUiZXU%3D&from=327834062&s=PackSourceEnum_AWEME_DETAIL&se=false&sc=origin_cover&biz_tag=pcweb_cover&l=202606180948116BE95689443650E9B644,https://p3-pc-sign.douyinpic.com/tos-cn-p-0015/oYwPAjsAIFPAGBQ14rw4dIiwTaiMxHjwEcqDP~tplv-dy-360p.jpeg?lk3s=138a59ce&x-expires=1782954000&x-signature=%2FVWpqE07QfBjyOVVANXC9hbTPJM%3D&from=327834062&s=PackSourceEnum_AWEME_DETAIL&se=false&sc=origin_cover&biz_tag=pcweb_cover&l=202606180948116BE95689443650E9B644,360,10914315,c:0-36713-cbed,720,v0d00fg10000d8on1c7og65go1oq7o7g,https://v26-web.douyinvod.com/7648cab186564832e1442f2d6991a696/6a3378ab/video/tos/cn/tos-cn-ve-15/ogEwFPRiPGwaCxQIlTQPI4BjAcawIAHsCKija/?a=6383&ch=26&cr=3&dr=0&lr=all&cd=0%7C0%7C0%7C3&cv=1&br=2397&bt=2397&cs=0&ds=3&ft=AJkeU_TLRR0sWrC12D12Nc.xBiGNbLIEswRU_4mHwCGJNv7TGW&mime_type=video_mp4&qs=0&rc=Mzc1OTRpNjg7OGk1ODNnNUBpanJ0NGo5cmZxOzMzNGkzM0BiMmExMjFeNWMxNDQuXzZiYSM0NGxsMmQ0LmxhLS1kLWFzcw%3D%3D&btag=c0000e00018000&cquery=100w_100B_100x_100z_100o&dy_q=1781747291&feature_id=93c5283e1794c821af5e0ee1411bec9d&l=202606180948116BE95689443650E9B644,https://v11-weba.douyinvod.com/17df60dbb3b7dcecc4776424a12b5cb8/6a3378ab/video/tos/cn/tos-cn-ve-15/ogEwFPRiPGwaCxQIlTQPI4BjAcawIAHsCKija/?a=6383&ch=26&cr=3&dr=0&lr=all&cd=0%7C0%7C0%7C3&cv=1&br=2397&bt=2397&cs=0&ds=3&ft=AJkeU_TLRR0sWrC12D12Nc.xBiGNbLIEswRU_4mHwCGJNv7TGW&mime_type=video_mp4&qs=0&rc=Mzc1OTRpNjg7OGk1ODNnNUBpanJ0NGo5cmZxOzMzNGkzM0BiMmExMjFeNWMxNDQuXzZiYSM0NGxsMmQ0LmxhLS1kLWFzcw%3D%3D&btag=c0000e00018000&cquery=100o_100w_100B_100x_100z&dy_q=1781747291&feature_id=93c5283e1794c821af5e0ee1411bec9d&l=202606180948116BE95689443650E9B644,https://www.douyin.com/aweme/v1/play/?video_id=v0d00fg10000d8on1c7og65go1oq7o7g&line=0&ratio=720p&watermark=1&media_type=4&vr_type=0&improve_bitrate=0&biz_sign=NRPI1lC4AlkgB1YZ_o3JkfAfESRKvePEcuabqdBldyqwTcZpDpYAn9tA_ePT9VaaOzLa7CA0Ou-V1V2BgVcTetIU70bEDGbNHaUZIZuaRMUGyO7s5wbVW7et0I2xs1hA&logo_name=aweme_search_suffix&source=PackSourceEnum_AWEME_DETAIL,720,10914315,c:0-36713-cbed,720,v0d00fg10000d8on1c7og65go1oq7o7g,https://v26-web.douyinvod.com/7648cab186564832e1442f2d6991a696/6a3378ab/video/tos/cn/tos-cn-ve-15/ogEwFPRiPGwaCxQIlTQPI4BjAcawIAHsCKija/?a=6383&ch=26&cr=3&dr=0&lr=all&cd=0%7C0%7C0%7C3&cv=1&br=2397&bt=2397&cs=0&ds=3&ft=AJkeU_TLRR0sWrC12D12Nc.xBiGNbLIEswRU_4mHwCGJNv7TGW&mime_type=video_mp4&qs=0&rc=Mzc1OTRpNjg7OGk1ODNnNUBpanJ0NGo5cmZxOzMzNGkzM0BiMmExMjFeNWMxNDQuXzZiYSM0NGxsMmQ0LmxhLS1kLWFzcw%3D%3D&btag=c0000e00018000&cquery=100w_100B_100x_100z_100o&dy_q=1781747291&feature_id=93c5283e1794c821af5e0ee1411bec9d&l=202606180948116BE95689443650E9B644,https://v11-weba.douyinvod.com/17df60dbb3b7dcecc4776424a12b5cb8/6a3378ab/video/tos/cn/tos-cn-ve-15/ogEwFPRiPGwaCxQIlTQPI4BjAcawIAHsCKija/?a=6383&ch=26&cr=3&dr=0&lr=all&cd=0%7C0%7C0%7C3&cv=1&br=2397&bt=2397&cs=0&ds=3&ft=AJkeU_TLRR0sWrC12D12Nc.xBiGNbLIEswRU_4mHwCGJNv7TGW&mime_type=video_mp4&qs=0&rc=Mzc1OTRpNjg7OGk1ODNnNUBpanJ0NGo5cmZxOzMzNGkzM0BiMmExMjFeNWMxNDQuXzZiYSM0NGxsMmQ0LmxhLS1kLWFzcw%3D%3D&btag=c0000e00018000&cquery=100o_100w_100B_100x_100z&dy_q=1781747291&feature_id=93c5283e1794c821af5e0ee1411bec9d&l=202606180948116BE95689443650E9B644,https://www.douyin.com/aweme/v1/play/?video_id=v0d00fg10000d8on1c7og65go1oq7o7g&line=0&ratio=720p&watermark=1&media_type=4&vr_type=0&improve_bitrate=0&biz_sign=NRPI1lC4AlkgB1YZ_o3JkfAfESRKvePEcuabqdBldyqwTcZpDpYAn9tA_ePT9VaaOzLa7CA0Ou-V1V2BgVcTetIU70bEDGbNHaUZIZuaRMUGyO7s5wbVW7et0I2xs1hA&logo_name=aweme_search_suffix&source=PackSourceEnum_AWEME_DETAIL,720,32567,720,tos-cn-p-0015/oMIwFPMiPGw6uxQASTEPI4BjAcxwIAHs3Yija,https://p3-pc-sign.douyinpic.com/obj/tos-cn-p-0015/oMIwFPMiPGw6uxQASTEPI4BjAcxwIAHs3Yija?lk3s=138a59ce&x-expires=1782954000&x-signature=fRkSksmkLAhwAN%2BIVr9AUgYvfq4%3D&from=327834062_large&s=PackSourceEnum_AWEME_DETAIL&se=false&sc=dynamic_cover&biz_tag=pcweb_cover&l=202606180948116BE95689443650E9B644,https://p9-pc-sign.douyinpic.com/obj/tos-cn-p-0015/oMIwFPMiPGw6uxQASTEPI4BjAcxwIAHs3Yija?lk3s=138a59ce&x-expires=1782954000&x-signature=8Wqw9Qp1o378aAS0OT2126cpdAo%3D&from=327834062_large&s=PackSourceEnum_AWEME_DETAIL&se=false&sc=dynamic_cover&biz_tag=pcweb_cover&l=202606180948116BE95689443650E9B644,720,mp4,720,tos-cn-p-0015/ooBathQAa2ALeIucY17gDYecPFG2BCfQPGMUAx,https://p3-pc-sign.douyinpic.com/tos-cn-p-0015/ooBathQAa2ALeIucY17gDYecPFG2BCfQPGMUAx~tplv-tsj2vxp0zn-gaosi:40.jpeg?lk3s=138a59ce&x-expires=1813280400&x-signature=ivwmFDsRaohai9WlEFYJQQWY%2B8c%3D&from=327834062,https://p9-pc-sign.douyinpic.com/tos-cn-p-0015/ooBathQAa2ALeIucY17gDYecPFG2BCfQPGMUAx~tplv-tsj2vxp0zn-gaosi:40.jpeg?lk3s=138a59ce&x-expires=1813280400&x-signature=A78T%2BilkFG%2F%2FDtlmHQnpYBMAQu8%3D&from=327834062,720,True,True,1920,0,0,"{""enable_manual_ladder"":""1"",""format"":""mp4"",""gear_vqm"":""{\""1080p_720p\"":2,\""720p_540p\"":2}"",""hrids"":""260309002"",""is_spatial_video"":""0"",""isad"":""0"",""loudness"":""-25.6"",""peak"":""0.4121"",""play_time_prob_dist"":""[800,0.648,4028.8403]"",""poster_meta_info"":""{\""artwork\"":{\""carry_cover\"":3}}"",""qprf"":""1.000"",""sdgs"":""[\""normal_720_0\"",\""adapt_lowest_1080_1\"",\""adapt_lowest_720_1\"",\""adapt_540_1\""]"",""sr_score"":""1.000"",""strategy_tokens"":""[\""online\""]"",""title_info"":""{\""avg_br_pc\"":115,\""bottom_res_add\"":[0.91,0.77,0.5,0.18,0.14,0.14,0,0.04,4.86,63.96,0.32,0.32,0.55,0.32,0.14],\""bullet_zone\"":3.45,\""mean_br_l\"":[114.03,114.89,115.19,118.94,122.13,125.64],\""pc60_br_l\"":[128.52,132.64,135.8,138.32,140.6,142.56],\""progress_bar\"":[89.09,127.95,142.53],\""ratio_br_l\"":[123.62,128.27,133.47,137.12,140.46,141.8],\""ratio_br_l_thre220\"":[0,0,0,0,0,0],\""ratio_edge_l\"":[0.82,0.73,0.58,0.6,0.58,0.6],\""std_br_l\"":[20.65,22.33,26.48,27.32,27.46,25.87],\""top_res_add\"":[0.04,0,0,0,0.18,0.5,1.68],\""version\"":\""v1.0\""}"",""volume_info"":""{\""LoudnessRange\"":2.2,\""LoudnessRangeEnd\"":-24.7,\""LoudnessRangeStart\"":-26.8,\""Peak\"":0.4121,\""Version\"":2,\""Loudness\"":-25.6,\""MaximumMomentaryLoudness\"":-20.4,\""MaximumShortTermLoudness\"":-24.2,\""Metrics\"":{\""Loudness\"":{\""Integrated\"":-25.638},\""Phase\"":{\""RMSDownmixDiff\"":-0.392},\""RMSStats\"":{\""LTotal\"":-28.17,\""Peak\"":-7.688,\""RTotal\"":-28.19,\""LRDiff\"":0.02},\""Version\"":\""1.4.2\""}}"",""vqs_origin"":""0""}",640,tos-cn-p-0015/ooBathQAa2ALeIucY17gDYecPFG2BCfQPGMUAx,https://p9-pc-sign.douyinpic.com/tos-cn-p-0015/ooBathQAa2ALeIucY17gDYecPFG2BCfQPGMUAx~tplv-dy-360p.jpeg?lk3s=138a59ce&x-expires=1782954000&x-signature=tgHtKDG5n4q5DJPF00aWrW1bG9o%3D&from=327834062&s=PackSourceEnum_AWEME_DETAIL&se=false&sc=origin_cover&biz_tag=pcweb_cover&l=202606180948116BE95689443650E9B644,https://p3-pc-sign.douyinpic.com/tos-cn-p-0015/ooBathQAa2ALeIucY17gDYecPFG2BCfQPGMUAx~tplv-dy-360p.jpeg?lk3s=138a59ce&x-expires=1782954000&x-signature=QUWOUetHwKp8iU8YjHakXNyNFyE%3D&from=327834062&s=PackSourceEnum_AWEME_DETAIL&se=false&sc=origin_cover&biz_tag=pcweb_cover&l=202606180948116BE95689443650E9B644,360,9112190,"c:0-36713-cbed|d:0-4556094-6003,4556095-9112189-056b|a:v0d00fg10000d8on1c7og65go1oq7o7g",31124643ce72161093a2457349ea9d4d,1280,v0d00fg10000d8on1c7og65go1oq7o7g,v0d00fg10000d8on1c7og65go1oq7o7g_h264_720p_2238386,https://v26-web.douyinvod.com/5a01b0eb2b326904362ac4e13a09bceb/6a3378ab/video/tos/cn/tos-cn-ve-15/oAascQDHrIwP4wEsjIOiTQGFBPPjIIixAV3Aw/?a=6383&ch=26&cr=3&dr=0&lr=all&cd=0%7C0%7C0%7C3&cv=1&br=2185&bt=2185&cs=0&ds=3&ft=AJkeU_TLRR0sWrC12D12Nc.xBiGNbLIEswRU_4mHwCGJNv7TGW&mime_type=video_mp4&qs=0&rc=aGdpNmVpOWU5OTk1ZDhnPEBpanJ0NGo5cmZxOzMzNGkzM0AtNjUvYTVhNS4xNmE2LzY0YSM0NGxsMmQ0LmxhLS1kLWFzcw%3D%3D&btag=c0000e00018000&cquery=100w_100B_100x_100z_100o&dy_q=1781747291&feature_id=f5241e7604dff1d9d6c943fd20bd51a2&l=202606180948116BE95689443650E9B644,https://v11-weba.douyinvod.com/d4740745bd7a616acf6d092fcd0debab/6a3378ab/video/tos/cn/tos-cn-ve-15/oAascQDHrIwP4wEsjIOiTQGFBPPjIIixAV3Aw/?a=6383&ch=26&cr=3&dr=0&lr=all&cd=0%7C0%7C0%7C3&cv=1&br=2185&bt=2185&cs=0&ds=3&ft=AJkeU_TLRR0sWrC12D12Nc.xBiGNbLIEswRU_4mHwCGJNv7TGW&mime_type=video_mp4&qs=0&rc=aGdpNmVpOWU5OTk1ZDhnPEBpanJ0NGo5cmZxOzMzNGkzM0AtNjUvYTVhNS4xNmE2LzY0YSM0NGxsMmQ0LmxhLS1kLWFzcw%3D%3D&btag=c0000e00018000&cquery=100w_100B_100x_100z_100o&dy_q=1781747291&feature_id=f5241e7604dff1d9d6c943fd20bd51a2&l=202606180948116BE95689443650E9B644,https://www.douyin.com/aweme/v1/play/?video_id=v0d00fg10000d8on1c7og65go1oq7o7g&line=0&file_id=799d259ad29646168bd68fdb238f9d0e&sign=31124643ce72161093a2457349ea9d4d&is_play_url=1&source=PackSourceEnum_AWEME_DETAIL,720,1763949,"c:0-28440-b740|d:0-881973-bad1,881974-1763948-703a|a:v0d00fg10000d8on1c7og65go1oq7o7g",bc9bfeeb1159b86da9df2c3bde580e56,1024,v0d00fg10000d8on1c7og65go1oq7o7g,v0d00fg10000d8on1c7og65go1oq7o7g_bytevc1_540p_433309,https://v26-web.douyinvod.com/bf2b830a414601c85dbdb30ba19d9876/6a3378ab/video/tos/cn/tos-cn-ve-15/oUBPIrjSQwxHbBQF5Awl4oATi7aP6sIGwijEP/?a=6383&ch=26&cr=3&dr=0&lr=all&cd=0%7C0%7C0%7C3&cv=1&br=423&bt=423&cs=2&ds=6&eid=45312&ft=AJkeU_TLRR0sWrC12D12Nc.xBiGNbLIEswRU_4mHwCGJNv7TGW&mime_type=video_mp4&qs=11&rc=OTVoMzg6NztoO2g7ZGZkZEBpanJ0NGo5cmZxOzMzNGkzM0AyLy5fMWBfXjUxLWIzMy42YSM0NGxsMmQ0LmxhLS1kLWFzcw%3D%3D&btag=c0000e00018000&cquery=100o_100w_100B_100x_100z&dy_q=1781747291&feature_id=27703fba0430012a7c1570f68d3f2948&l=202606180948116BE95689443650E9B644,https://v11-weba.douyinvod.com/c00c599f395b1f68f0c55e0e46f6b71f/6a3378ab/video/tos/cn/tos-cn-ve-15/oUBPIrjSQwxHbBQF5Awl4oATi7aP6sIGwijEP/?a=6383&ch=26&cr=3&dr=0&lr=all&cd=0%7C0%7C0%7C3&cv=1&br=423&bt=423&cs=2&ds=6&eid=45312&ft=AJkeU_TLRR0sWrC12D12Nc.xBiGNbLIEswRU_4mHwCGJNv7TGW&mime_type=video_mp4&qs=11&rc=OTVoMzg6NztoO2g7ZGZkZEBpanJ0NGo5cmZxOzMzNGkzM0AyLy5fMWBfXjUxLWIzMy42YSM0NGxsMmQ0LmxhLS1kLWFzcw%3D%3D&btag=c0000e00018000&cquery=100z_100o_100w_100B_100x&dy_q=1781747291&feature_id=27703fba0430012a7c1570f68d3f2948&l=202606180948116BE95689443650E9B644,https://www.douyin.com/aweme/v1/play/?video_id=v0d00fg10000d8on1c7og65go1oq7o7g&line=0&file_id=9a1a6c6ae80e488ea8b4c745b01e2256&sign=bc9bfeeb1159b86da9df2c3bde580e56&is_play_url=1&source=PackSourceEnum_AWEME_DETAIL,576,9112190,"c:0-36713-cbed|d:0-4556094-6003,4556095-9112189-056b|a:v0d00fg10000d8on1c7og65go1oq7o7g",31124643ce72161093a2457349ea9d4d,1280,v0d00fg10000d8on1c7og65go1oq7o7g,v0d00fg10000d8on1c7og65go1oq7o7g_h264_720p_2238386,https://v26-web.douyinvod.com/5a01b0eb2b326904362ac4e13a09bceb/6a3378ab/video/tos/cn/tos-cn-ve-15/oAascQDHrIwP4wEsjIOiTQGFBPPjIIixAV3Aw/?a=6383&ch=26&cr=3&dr=0&lr=all&cd=0%7C0%7C0%7C3&cv=1&br=2185&bt=2185&cs=0&ds=3&ft=AJkeU_TLRR0sWrC12D12Nc.xBiGNbLIEswRU_4mHwCGJNv7TGW&mime_type=video_mp4&qs=0&rc=aGdpNmVpOWU5OTk1ZDhnPEBpanJ0NGo5cmZxOzMzNGkzM0AtNjUvYTVhNS4xNmE2LzY0YSM0NGxsMmQ0LmxhLS1kLWFzcw%3D%3D&btag=c0000e00018000&cquery=100w_100B_100x_100z_100o&dy_q=1781747291&feature_id=f5241e7604dff1d9d6c943fd20bd51a2&l=202606180948116BE95689443650E9B644,https://v11-weba.douyinvod.com/d4740745bd7a616acf6d092fcd0debab/6a3378ab/video/tos/cn/tos-cn-ve-15/oAascQDHrIwP4wEsjIOiTQGFBPPjIIixAV3Aw/?a=6383&ch=26&cr=3&dr=0&lr=all&cd=0%7C0%7C0%7C3&cv=1&br=2185&bt=2185&cs=0&ds=3&ft=AJkeU_TLRR0sWrC12D12Nc.xBiGNbLIEswRU_4mHwCGJNv7TGW&mime_type=video_mp4&qs=0&rc=aGdpNmVpOWU5OTk1ZDhnPEBpanJ0NGo5cmZxOzMzNGkzM0AtNjUvYTVhNS4xNmE2LzY0YSM0NGxsMmQ0LmxhLS1kLWFzcw%3D%3D&btag=c0000e00018000&cquery=100w_100B_100x_100z_100o&dy_q=1781747291&feature_id=f5241e7604dff1d9d6c943fd20bd51a2&l=202606180948116BE95689443650E9B644,https://www.douyin.com/aweme/v1/play/?video_id=v0d00fg10000d8on1c7og65go1oq7o7g&line=0&file_id=799d259ad29646168bd68fdb238f9d0e&sign=31124643ce72161093a2457349ea9d4d&is_play_url=1&source=PackSourceEnum_AWEME_DETAIL,720,720p,,1080,True,False,True,False,True,True,True,True,True,,True,290002,视频暂时无法保存，链接已复制,isolation_content,1,1,True,0,2,False,True,1,False,1,False,{},1,{},,0,1,2029,随拍,2,2029003,生活记录,3,2029003001,日常vlog,[],False,False,False,False,0,0,0,0,202606180948116BE95689443650E9B644,0,"{""aweme_detail"":{""activity_video_type"":0,""anchors"":null,""authentication_token"":""MS4wLjAAAAAA7xCuPwvlTW1Qk1tHTR6N4PNIQwCnN76GKUpTS7dDMgqdYpa4Ln1S1hsBZjXWq-bz7lyqQLhOYd2vO8s64JZ6MzBbsgkt6w0QafU5c6WgM0imbw5OadUYrWhTdJxkePVdEFBrJN3bjLxHKQCG7goHCeJZvWaYCoUoWk9QpNFHsEPXMs-RfZLt0ZWe75Cb7FfuOiNChorYUhsf3tX8fkmV6SLGAHgx8occL0mJXZrro6RxCNysfNZa_PsPRQECBggBEfKbdIooq5SkFYUugF1BOQ"",""author"":{""account_cert_info"":""{}"",""avatar_thumb"":{""height"":720,""uri"":""100x100/aweme-avatar/tos-cn-avt-0015_854eb6bff22d76478f9db10479188f55"",""url_list"":[""https://p3-pc.douyinpic.com/aweme/100x100/aweme-avatar/tos-cn-avt-0015_854eb6bff22d76478f9db10479188f55.jpeg?from=327834062""],""width"":720},""awemehts_greet_info"":"""",""cf_list"":null,""close_friend_type"":0,""contacts_status"":1,""contrail_list"":null,""cover_url"":[{""height"":720,""uri"":""c8510002be9a3a61aad2"",""url_list"":[""https://p3-pc-sign.douyinpic.com/obj/c8510002be9a3a61aad2?lk3s=138a59ce&x-expires=1782954000&x-signature=npY8z%2FcQZLQ8a9kjX9FUfENi1AA%3D&from=327834062"",""https://p9-pc-sign.douyinpic.com/obj/c8510002be9a3a61aad2?lk3s=138a59ce&x-expires=1782954000&x-signature=zbtn66RmyDQXmJ6aEIpnr7qI%2BY8%3D&from=327834062""],""width"":720}],""create_time"":0,""custom_verify"":"""",""data_label_list"":null,""endorsement_info_list"":null,""enterprise_verify_reason"":"""",""favoriting_count"":269200,""follow_status"":0,""follower_count"":10610,""follower_list_secondary_information_struct"":null,""follower_status"":0,""following_count"":0,""hide_others_recommend_interest"":0,""hide_self_recommend_interest"":0,""im_role_ids"":null,""is_ad_fake"":false,""is_blocked_v2"":false,""is_blocking_v2"":false,""is_cf"":0,""live_high_value"":0,""mate_add_permission"":1,""max_follower_count"":0,""nickname"":""刘哥"",""offline_info_list"":null,""personal_tag_list"":null,""prevent_download"":false,""risk_notice_text"":"""",""sec_uid"":""MS4wLjABAAAAr0KL-W9cH04a2AsRtzBeN_c3hun52lr3-7lBhBpA0PDU3VNN7Q185H2tBJnsmRC5"",""secret"":0,""share_info"":{""share_desc"":"""",""share_desc_info"":"""",""share_qrcode_url"":{""height"":720,""uri"":""31c5200094a4160682a35"",""url_list"":[""https://p3-pc-sign.douyinpic.com/obj/31c5200094a4160682a35?lk3s=138a59ce&x-expires=1781766000&x-signature=dB3I4bJrxnS%2BEpzLU9yIFj1Hh1w%3D&from=327834062"",""https://p9-pc-sign.douyinpic.com/obj/31c5200094a4160682a35?lk3s=138a59ce&x-expires=1781766000&x-signature=OHWqoMAWxsQDQLWP5GEZQy%2FoMJo%3D&from=327834062""],""width"":720},""share_title"":"""",""share_title_myself"":"""",""share_title_other"":"""",""share_url"":"""",""share_weibo_desc"":""""},""short_id"":""28508363278"",""signature"":""80年代出生在一个贫苦农村家庭，\n打过工几年，也创业过几年，\n希望我的分享给你们带来开心快乐"",""signature_extra"":null,""special_follow_status"":0,""special_people_labels"":null,""status"":1,""story25_comment"":1,""story_interactive"":4,""story_ttl"":7,""text_extra"":null,""total_favorited"":377111,""uid"":""1561725823883464"",""unique_id"":""28508363278"",""user_age"":43,""user_canceled"":false,""user_permissions"":null,""verification_type"":1},""author_mask_tag"":0,""author_user_id"":1561725823883464,""aweme_acl"":{""download_mask_panel"":{""code"":1,""show_type"":0}},""aweme_control"":{""can_comment"":true,""can_forward"":true,""can_share"":true,""can_show_comment"":true},""aweme_id"":""7652021259866034118"",""aweme_listen_struct"":{""trace_info"":""{\""copyright_not_speech\"":\""false\"",\""copyright_reason\"":\""not_intercept\"",\""copyright_tag_hit\"":\""0\"",\""copyright_use_aed_default\"":\""false\"",\""copyright_use_tag_default\"":\""false\"",\""cp_ab\"":\""true\"",\""desc\"":\""\"",\""duration_over\"":\""false\"",\""hit_high_risk\"":\""false\"",\""media_type\"":\""4\"",\""reason\"":\""hit_ab_0\"",\""show\"":\""false\""}""},""aweme_type"":0,""aweme_type_tags"":"""",""boost_status"":0,""can_cache_to_local"":true,""caption"":""#滴滴夏季香卡\n#滴滴夏日小乘凉\n#滴滴好服务有回报"",""cf_assets_type"":0,""cf_recheck_ts"":0,""challenge_position"":null,""chapter_list"":null,""collect_stat"":0,""collection_corner_mark"":0,""comment_gid"":7652021259866034176,""comment_list"":null,""comment_permission_info"":{""can_comment"":true,""comment_permission_status"":0,""item_detail_entry"":false,""press_entry"":false,""toast_guide"":false},""commerce_config_data"":null,""component_control"":{""data_source_url"":""/aweme/v1/web/aweme/detail/""},""component_info_v2"":""{\""desc_lines_limit\"":0,\""hide_marquee\"":false}"",""cover_labels"":null,""create_time"":1781625035,""danmaku_control"":{""activities"":[{""id"":1224,""type"":1}],""danmaku_cnt"":0,""enable_danmaku"":true,""is_post_denied"":false,""pass_through_params"":""{}"",""post_denied_reason"":"""",""post_privilege_level"":0,""skip_danmaku"":true,""smart_mode_decision"":0},""desc"":""#滴滴夏季香卡\n#滴滴夏日小乘凉\n#滴滴好服务有回报"",""disable_relation_bar"":0,""dislike_dimension_list"":null,""dislike_dimension_list_v2"":null,""distribute_circle"":{""campus_block_interaction"":false,""distribute_type"":0,""is_campus"":false},""diversion_bar_info"":[],""douplus_user_type"":0,""douyin_pc_video_extra_seo"":"""",""duet_aggregate_in_music_tab"":false,""duration"":32567,""ecom_comment_atmosphere_type"":0,""enable_comment_sticker_rec"":true,""enable_decorated_emoji"":true,""ent_log_extra"":{""log_extra"":""{\""global_log_extra\"":null,\""page_log_extra\"":null,\""aweme_log_extra\"":{\""ce_current_group_id\"":\""7652021259866034118\"",\""author_id\"":\""1561725823883464\""},\""extra_log_extra\"":null}""},""entertainment_product_info"":{""market_info"":{""limit_free"":{""in_free"":false}}},""entertainment_recommend_info"":""{\""recommend_free_count\"":0,\""test_info\"":\""\"",\""recommend_playlet_trigger_reqid\"":\""\"",\""recommend_playlet_trigger_cid\"":\""\"",\""recommend_playlet_trigger_reqid_type\"":\""\"",\""playlet_continue_play_config\"":null,\""roi3_mode\"":0,\""predict_identity\"":\""\""}"",""entertainment_video_paid_way"":{""enable_use_new_ent_data"":false,""paid_type"":0,""paid_ways"":[]},""entertainment_video_type"":3,""fall_card_struct"":{""recommend_reason_v2"":""[]""},""feed_comment_config"":{""audio_comment_permission"":0,""author_audit_status"":0,""common_comment_permission"":0,""common_flags"":""{\""api_ab\"":\""0\"",\""hashtag\"":\""[{\\\""name\\\"":\\\""滴滴夏日小乘凉\\\"",\\\""id\\\"":7650509836618041359},{\\\""name\\\"":\\\""滴滴好服务有回报\\\"",\\\""id\\\"":7646382722141292553},{\\\""name\\\"":\\\""滴滴夏季香卡\\\"",\\\""id\\\"":7650509752934598671}]\"",\""item_author_nickname\"":\""刘哥\"",\""need_personal_rec\"":\""1\"",\""video_labels_v2_tag1\"":\""生活记录\"",\""video_labels_v2_tag2\"":\""职业生活\"",\""video_type\"":\""life_fan_life_video\""}"",""double_publish_limit"":1,""input_config_text"":""善语结善缘，恶言伤人心"",""input_config_text_type"":""default_guide""},""flash_mob_trends"":0,""follow_shoot_clip_info"":{""clip_from_user"":7652021157277240320,""clip_video_all"":7652021157277240320},""friend_recommend_info"":{""disable_friend_recommend_guide_label"":false,""friend_recommend_source"":26},""game_tag_info"":{""is_game"":false},""geofencing"":[],""geofencing_regions"":null,""group_id"":""7652021259866034118"",""guide_scene_info"":{},""hybrid_label"":null,""image_album_music_info"":{""begin_time"":-1,""end_time"":-1,""volume"":-1},""image_comment"":{""comment_highlight_text"":""""},""image_crop_ctrl"":0,""image_infos"":null,""image_list"":null,""images"":null,""img_bitrate"":null,""impression_data"":{""group_id_list_a"":[],""group_id_list_b"":[],""group_id_list_c"":[],""group_id_list_d"":[],""similar_id_list_a"":null,""similar_id_list_b"":null},""incentive_item_type"":0,""interaction_stickers"":null,""is_24_story"":0,""is_25_story"":0,""is_ads"":false,""is_aigc_media"":false,""is_collects_selected"":0,""is_duet_sing"":false,""is_from_ad_auth"":false,""is_image_beat"":false,""is_life_item"":false,""is_moment_history"":0,""is_moment_story"":0,""is_new_text_mode"":0,""is_share_post"":false,""is_story"":0,""is_subtitled"":0,""is_top"":0,""is_use_music"":false,""item_aigc_follow_shot"":1,""item_title"":"""",""item_warn_notification"":{""content"":"""",""show"":false,""type"":0},""label_top_text"":null,""libfinsert_task_id"":"""",""long_video"":null,""mark_largely_following"":false,""media_type"":4,""music"":{""album"":"""",""artist_user_infos"":null,""artists"":[],""audition_duration"":32,""author"":""刘哥"",""author_deleted"":false,""author_position"":null,""author_status"":1,""avatar_large"":{""height"":720,""uri"":""1080x1080/aweme-avatar/tos-cn-avt-0015_854eb6bff22d76478f9db10479188f55"",""url_list"":[""https://p3-pc.douyinpic.com/aweme/1080x1080/aweme-avatar/tos-cn-avt-0015_854eb6bff22d76478f9db10479188f55.jpeg?from=327834062""],""width"":720},""avatar_medium"":{""height"":720,""uri"":""720x720/aweme-avatar/tos-cn-avt-0015_854eb6bff22d76478f9db10479188f55"",""url_list"":[""https://p3-pc.douyinpic.com/aweme/720x720/aweme-avatar/tos-cn-avt-0015_854eb6bff22d76478f9db10479188f55.jpeg?from=327834062""],""width"":720},""avatar_thumb"":{""height"":720,""uri"":""100x100/aweme-avatar/tos-cn-avt-0015_854eb6bff22d76478f9db10479188f55"",""url_list"":[""https://p3-pc.douyinpic.com/aweme/100x100/aweme-avatar/tos-cn-avt-0015_854eb6bff22d76478f9db10479188f55.jpeg?from=327834062""],""width"":720},""binded_challenge_id"":0,""can_background_play"":true,""collect_stat"":0,""cover_hd"":{""height"":720,""uri"":""1080x1080/aweme-avatar/tos-cn-avt-0015_854eb6bff22d76478f9db10479188f55"",""url_list"":[""https://p3-pc.douyinpic.com/aweme/1080x1080/aweme-avatar/tos-cn-avt-0015_854eb6bff22d76478f9db10479188f55.jpeg?from=327834062""],""width"":720},""cover_large"":{""height"":720,""uri"":""1080x1080/aweme-avatar/tos-cn-avt-0015_854eb6bff22d76478f9db10479188f55"",""url_list"":[""https://p3-pc.douyinpic.com/aweme/1080x1080/aweme-avatar/tos-cn-avt-0015_854eb6bff22d76478f9db10479188f55.jpeg?from=327834062""],""width"":720},""cover_medium"":{""height"":720,""uri"":""720x720/aweme-avatar/tos-cn-avt-0015_854eb6bff22d76478f9db10479188f55"",""url_list"":[""https://p3-pc.douyinpic.com/aweme/720x720/aweme-avatar/tos-cn-avt-0015_854eb6bff22d76478f9db10479188f55.jpeg?from=327834062""],""width"":720},""cover_thumb"":{""height"":720,""uri"":""100x100/aweme-avatar/tos-cn-avt-0015_854eb6bff22d76478f9db10479188f55"",""url_list"":[""https://p3-pc.douyinpic.com/aweme/100x100/aweme-avatar/tos-cn-avt-0015_854eb6bff22d76478f9db10479188f55.jpeg?from=327834062""],""width"":720},""dmv_auto_show"":false,""dsp_status"":10,""duration"":32,""end_time"":0,""external_song_info"":[],""extra"":""{\""aed_singing_score\"":0.01,\""aggregate_exempt_conf\"":[],\""aigc_clip\"":false,\""beats\"":{},\""cover_colors\"":null,\""diversion_music_detail_preload\"":{\""author\"":\""\"",\""cover_medium\"":null,\""diversion_code\"":1,\""is_same\"":false,\""luna_song_id\"":7621056832257558571,\""scene\"":0,\""show_head\"":false,\""title\"":\""\""},\""douyin_beats_info\"":{},\""dsp_switch\"":0,\""extract_item_id\"":7652021259866034118,\""has_edited\"":0,\""hotsoon_review_time\"":-1,\""is_aed_music\"":0,\""is_red\"":0,\""is_subsidy_exp\"":false,\""long_pic_video_usable\"":true,\""music_display_mapping_title\"":\""春天的草 - yuhong126\"",\""music_label_id\"":null,\""music_tagging\"":{\""AEDs\"":[\""non_vocal\""],\""Genres\"":null,\""Instruments\"":null,\""Languages\"":[\""non_vocal\""],\""Moods\"":[\""Miss\"",\""Memory\""],\""SingingVersions\"":null,\""Themes\"":[\""Love\"",\""Autumn\""]},\""review_unshelve_reason\"":0,\""reviewed\"":0,\""schedule_search_time\"":0,\""uniqa_speech_score\"":0.88,\""with_aed_model\"":0}"",""id"":7652021157277240320,""id_str"":""7652021157277240110"",""is_audio_url_with_cookie"":false,""is_commerce_music"":false,""is_del_video"":false,""is_matched_metadata"":false,""is_original"":false,""is_original_sound"":true,""is_pgc"":false,""is_restricted"":false,""is_video_self_see"":false,""lyric_short_position"":null,""mid"":""7652021157277240110"",""music_chart_ranks"":null,""music_collect_count"":0,""music_cover_atmosphere_color_value"":"""",""music_status"":1,""musician_user_infos"":null,""mute_share"":false,""offline_desc"":"""",""owner_handle"":""28508363278"",""owner_id"":""1561725823883464"",""owner_nickname"":""刘哥"",""pgc_music_type"":2,""play_url"":{""height"":720,""uri"":""https://sf6-cdn-tos.douyinstatic.com/obj/ies-music/7652021239762012966.mp3"",""url_key"":""7652021157277240110"",""url_list"":[""https://sf6-cdn-tos.douyinstatic.com/obj/ies-music/7652021239762012966.mp3"",""https://sf11-cdn-tos.douyinstatic.com/obj/ies-music/7652021239762012966.mp3""],""width"":720},""position"":null,""prevent_download"":false,""prevent_item_download_status"":0,""preview_end_time"":0,""preview_start_time"":0,""reason_type"":0,""redirect"":false,""schema_url"":"""",""search_impr"":{""entity_id"":""7652021157277240110""},""sec_uid"":""MS4wLjABAAAAr0KL-W9cH04a2AsRtzBeN_c3hun52lr3-7lBhBpA0PDU3VNN7Q185H2tBJnsmRC5"",""shoot_duration"":32,""show_origin_clip"":false,""source_platform"":23,""start_time"":0,""status"":1,""tag_list"":null,""title"":""@刘哥创作的原声"",""unshelve_countries"":null,""user_count"":0,""video_duration"":32},""nickname_position"":null,""origin_comment_ids"":null,""origin_duet_resource_uri"":"""",""origin_text_extra"":[],""original"":0,""original_images"":null,""pack_usage_scene_by_req_path"":""/aweme/v1/web/aweme/detail/"",""packed_clips"":null,""pc_need_login"":false,""personal_page_botton_diagnose_style"":0,""photo_search_entrance"":{""ecom_type"":0},""play_progress"":{""last_modified_time"":0,""play_progress"":0},""position"":null,""preview_title"":""#滴滴夏季香卡\n#滴滴夏日小乘凉\n#滴滴好服务有回报"",""preview_video_status"":1,""product_genre_info"":{""material_genre_sub_type_set"":[4],""product_genre_type"":2,""special_info"":{""recommend_group_name"":0}},""promotions"":[],""publish_plus_alienation"":{""alienation_type"":0},""rate"":12,""region"":""CN"",""relation_labels"":null,""risk_infos"":{""content"":"""",""risk_sink"":false,""type"":0,""vote"":false,""warn"":false},""sec_item_id"":""MS4wLjAAAAAA9-WM0olu-GmldMrv9ceqnZzXnoguJ9BR4nuTgTcXlO-fUZy8FLp6uun2r_lDNFlg"",""select_anchor_expanded_content"":0,""seo_info"":{},""series_basic_info"":{},""series_paid_info"":{""item_price"":0,""series_paid_status"":0},""share_info"":{""share_desc"":""在抖音，记录美好生活"",""share_desc_info"":""#在抖音，记录美好生活##滴滴夏季香卡\n#滴滴夏日小乘凉\n#滴滴好服务有回报"",""share_link_desc"":""9.46 t@R.xf GiP:/ 07/20 :6pm # 滴滴夏季香卡 # 滴滴夏日小乘凉 # 滴滴好服务有回报  %s 复制此链接，打开Dou音搜索，直接观看视频！"",""share_url"":""https://www.iesdouyin.com/share/video/7652021259866034118/?region=CN&mid=7652021157277240110&u_code=44m4h1869kgg&did=MS4wLjABAAAAFR-Yym4PxHgYTtEAweV1qMokFrs7ZzAM5_4eA5I4QK4J4iyEBFgAVISifgjoiw5G&iid=MS4wLjABAAAANwkJuWIRFOzg5uCpDRpMj4OX-QryoDgn-yYlXQnRwQQ&with_sec_did=1&video_share_track_ver=&titleType=title&share_sign=D1xJMDNrlzMg3GsDvAuFNg6ucPJ_fSoQlDSgssaJXe4-&share_version=170400&ts=1781747291&from_aid=6383&from_ssr=1&share_track_info=%7B%22link_description_type%22%3A%22%22%7D""},""share_rec_extra"":"""",""share_url"":""https://www.iesdouyin.com/share/video/7652021259866034118/?region=CN&mid=7652021157277240110&u_code=44m4h1869kgg&did=MS4wLjABAAAAFR-Yym4PxHgYTtEAweV1qMokFrs7ZzAM5_4eA5I4QK4J4iyEBFgAVISifgjoiw5G&iid=MS4wLjABAAAANwkJuWIRFOzg5uCpDRpMj4OX-QryoDgn-yYlXQnRwQQ&with_sec_did=1&video_share_track_ver=&titleType=title&share_sign=D1xJMDNrlzMg3GsDvAuFNg6ucPJ_fSoQlDSgssaJXe4-&share_version=170400&ts=1781747291&from_aid=6383&from_ssr=1&share_track_info=%7B%22link_description_type%22%3A%22%22%7D"",""shoot_way"":""direct_shoot"",""should_open_ad_report"":false,""show_follow_button"":{},""social_tag_list"":null,""statistics"":{""admire_count"":0,""aweme_id"":""7652021259866034118"",""collect_count"":0,""comment_count"":24,""digg_count"":68,""play_count"":0,""recommend_count"":0,""share_count"":0},""status"":{""allow_friend_recommend"":false,""allow_friend_recommend_guide"":false,""allow_self_recommend_to_friend"":true,""allow_share"":true,""aweme_id"":""7652021259866034118"",""enable_soft_delete"":0,""in_reviewing"":false,""is_delete"":false,""is_prohibited"":false,""listen_video_status"":2,""not_allow_soft_del_reason"":""ab"",""part_see"":0,""private_status"":0,""review_result"":{""review_status"":0}},""text_extra"":[{""caption_end"":7,""caption_start"":0,""end"":7,""hashtag_id"":""7650509752934598671"",""hashtag_name"":""滴滴夏季香卡"",""is_commerce"":false,""start"":0,""type"":1},{""caption_end"":16,""caption_start"":8,""end"":16,""hashtag_id"":""7650509836618041359"",""hashtag_name"":""滴滴夏日小乘凉"",""is_commerce"":false,""start"":8,""type"":1},{""caption_end"":26,""caption_start"":17,""end"":26,""hashtag_id"":""7646382722141292553"",""hashtag_name"":""滴滴好服务有回报"",""is_commerce"":false,""start"":17,""type"":1}],""trends_event_track"":""{}"",""uniqid_position"":null,""user_digged"":0,""user_recommend_status"":1,""video"":{""audio"":{},""big_thumbs"":[{""duration"":32.566666,""fext"":""jpg"",""img_num"":33,""img_url"":""https://p5-ex-gddgtc-sign.douyinpic.com/tos-cn-p-0015/oke7DYIxaVAe6iaaBcFh4jAQGeAMLBIgPCmUuQ~tplv-noop.image?cquery=100B_100x_100z_100o_100w&dy_q=1781747291&l=202606180948116BE95689443650E9B644&x-expires=1781758123&x-signature=Vy5hUIng9eL1PtNMy2lqY%2FZNpk8%3D"",""img_urls"":[""https://p5-ex-gddgtc-sign.douyinpic.com/tos-cn-p-0015/oke7DYIxaVAe6iaaBcFh4jAQGeAMLBIgPCmUuQ~tplv-noop.image?cquery=100B_100x_100z_100o_100w&dy_q=1781747291&l=202606180948116BE95689443650E9B644&x-expires=1781758123&x-signature=Vy5hUIng9eL1PtNMy2lqY%2FZNpk8%3D"",""https://p5-ex-gddgtc-sign.douyinpic.com/tos-cn-p-0015/oIIAAcIaSwPQjIix4dGPwPNsXBissBHcFjTwN~tplv-noop.image?cquery=100w_100B_100x_100z_100o&dy_q=1781747291&l=202606180948116BE95689443650E9B644&x-expires=1781758123&x-signature=ppRcHvZdITIk3VQ%2BtrVLBGbQOrA%3D""],""img_x_len"":5,""img_x_size"":136,""img_y_len"":5,""img_y_size"":240,""interval"":1,""uri"":""tos-cn-p-0015/oke7DYIxaVAe6iaaBcFh4jAQGeAMLBIgPCmUuQ"",""uris"":[""tos-cn-p-0015/oke7DYIxaVAe6iaaBcFh4jAQGeAMLBIgPCmUuQ"",""tos-cn-p-0015/oIIAAcIaSwPQjIix4dGPwPNsXBissBHcFjTwN""]}],""bit_rate"":[{""FPS"":30,""HDR_bit"":"""",""HDR_type"":"""",""bit_rate"":2238386,""format"":""mp4"",""gear_name"":""normal_720_0"",""is_bytevc1"":0,""is_h265"":0,""play_addr"":{""data_size"":9112190,""file_cs"":""c:0-36713-cbed|d:0-4556094-6003,4556095-9112189-056b|a:v0d00fg10000d8on1c7og65go1oq7o7g"",""file_hash"":""31124643ce72161093a2457349ea9d4d"",""height"":1280,""uri"":""v0d00fg10000d8on1c7og65go1oq7o7g"",""url_key"":""v0d00fg10000d8on1c7og65go1oq7o7g_h264_720p_2238386"",""url_list"":[""https://v26-web.douyinvod.com/5a01b0eb2b326904362ac4e13a09bceb/6a3378ab/video/tos/cn/tos-cn-ve-15/oAascQDHrIwP4wEsjIOiTQGFBPPjIIixAV3Aw/?a=6383&ch=26&cr=3&dr=0&lr=all&cd=0%7C0%7C0%7C3&cv=1&br=2185&bt=2185&cs=0&ds=3&ft=AJkeU_TLRR0sWrC12D12Nc.xBiGNbLIEswRU_4mHwCGJNv7TGW&mime_type=video_mp4&qs=0&rc=aGdpNmVpOWU5OTk1ZDhnPEBpanJ0NGo5cmZxOzMzNGkzM0AtNjUvYTVhNS4xNmE2LzY0YSM0NGxsMmQ0LmxhLS1kLWFzcw%3D%3D&btag=c0000e00018000&cquery=100w_100B_100x_100z_100o&dy_q=1781747291&feature_id=f5241e7604dff1d9d6c943fd20bd51a2&l=202606180948116BE95689443650E9B644"",""https://v11-weba.douyinvod.com/d4740745bd7a616acf6d092fcd0debab/6a3378ab/video/tos/cn/tos-cn-ve-15/oAascQDHrIwP4wEsjIOiTQGFBPPjIIixAV3Aw/?a=6383&ch=26&cr=3&dr=0&lr=all&cd=0%7C0%7C0%7C3&cv=1&br=2185&bt=2185&cs=0&ds=3&ft=AJkeU_TLRR0sWrC12D12Nc.xBiGNbLIEswRU_4mHwCGJNv7TGW&mime_type=video_mp4&qs=0&rc=aGdpNmVpOWU5OTk1ZDhnPEBpanJ0NGo5cmZxOzMzNGkzM0AtNjUvYTVhNS4xNmE2LzY0YSM0NGxsMmQ0LmxhLS1kLWFzcw%3D%3D&btag=c0000e00018000&cquery=100w_100B_100x_100z_100o&dy_q=1781747291&feature_id=f5241e7604dff1d9d6c943fd20bd51a2&l=202606180948116BE95689443650E9B644"",""https://www.douyin.com/aweme/v1/play/?video_id=v0d00fg10000d8on1c7og65go1oq7o7g&line=0&file_id=799d259ad29646168bd68fdb238f9d0e&sign=31124643ce72161093a2457349ea9d4d&is_play_url=1&source=PackSourceEnum_AWEME_DETAIL""],""width"":720},""quality_type"":10,""video_extra"":""{\""PktOffsetMap\"":\""[{\\\""time\\\"": 1, \\\""offset\\\"": 615888}, {\\\""time\\\"": 2, \\\""offset\\\"": 952873}, {\\\""time\\\"": 3, \\\""offset\\\"": 1368673}, {\\\""time\\\"": 4, \\\""offset\\\"": 1836194}, {\\\""time\\\"": 5, \\\""offset\\\"": 2085819}, {\\\""time\\\"": 10, \\\""offset\\\"": 3833684}]\"",\""format\"":\""mp4\"",\""definition\"":\""720p\"",\""quality\"":\""normal\"",\""file_id\"":\""799d259ad29646168bd68fdb238f9d0e\"",\""applog_map\"":{\""feature_id\"":\""f5241e7604dff1d9d6c943fd20bd51a2\""},\""audio_channels\"":\""2.0\"",\""audio_sample_rate\"":\""44100\"",\""audio_metrics\"":null,\""audio_score\"":null}""},{""FPS"":30,""HDR_bit"":"""",""HDR_type"":"""",""bit_rate"":831487,""format"":""mp4"",""gear_name"":""adapt_lowest_1080_1"",""is_bytevc1"":1,""is_h265"":1,""play_addr"":{""data_size"":3384881,""file_cs"":""c:0-28437-e7ea|d:0-1692439-5374,1692440-3384880-3fd4|a:v0d00fg10000d8on1c7og65go1oq7o7g"",""file_hash"":""369c7930254d72570752128c113ea91e"",""height"":1920,""uri"":""v0d00fg10000d8on1c7og65go1oq7o7g"",""url_key"":""v0d00fg10000d8on1c7og65go1oq7o7g_bytevc1_1080p_831487"",""url_list"":[""https://v26-web.douyinvod.com/4d4434ef4e7340e49f50256fd9d05cd3/6a3378ab/video/tos/cn/tos-cn-ve-15/oEAsQlQHOGiXI4PDFP1TwjigEwxPjakYAJBIw/?a=6383&ch=26&cr=3&dr=0&lr=all&cd=0%7C0%7C0%7C3&cv=1&br=811&bt=811&cs=2&ds=4&eid=45312&ft=AJkeU_TLRR0sWrC12D12Nc.xBiGNbLIEswRU_4mHwCGJNv7TGW&mime_type=video_mp4&qs=15&rc=ZGdnOWZmN2kzPGY4PDNkM0BpanJ0NGo5cmZxOzMzNGkzM0A2Nl4wYzNeXjExXzAyYWI1YSM0NGxsMmQ0LmxhLS1kLWFzcw%3D%3D&btag=c0000e00018000&cquery=100x_100z_100o_100w_100B&dy_q=1781747291&feature_id=156476dbfad67d61d69a17ee4bf67a00&l=202606180948116BE95689443650E9B644"",""https://v11-weba.douyinvod.com/1d60c294fd244aba1f30d4d7fd0041a5/6a3378ab/video/tos/cn/tos-cn-ve-15/oEAsQlQHOGiXI4PDFP1TwjigEwxPjakYAJBIw/?a=6383&ch=26&cr=3&dr=0&lr=all&cd=0%7C0%7C0%7C3&cv=1&br=811&bt=811&cs=2&ds=4&eid=45312&ft=AJkeU_TLRR0sWrC12D12Nc.xBiGNbLIEswRU_4mHwCGJNv7TGW&mime_type=video_mp4&qs=15&rc=ZGdnOWZmN2kzPGY4PDNkM0BpanJ0NGo5cmZxOzMzNGkzM0A2Nl4wYzNeXjExXzAyYWI1YSM0NGxsMmQ0LmxhLS1kLWFzcw%3D%3D&btag=c0000e00018000&cquery=100w_100B_100x_100z_100o&dy_q=1781747291&feature_id=156476dbfad67d61d69a17ee4bf67a00&l=202606180948116BE95689443650E9B644"",""https://www.douyin.com/aweme/v1/play/?video_id=v0d00fg10000d8on1c7og65go1oq7o7g&line=0&file_id=80ead05935bc4940afa46cfc36ad9d9a&sign=369c7930254d72570752128c113ea91e&is_play_url=1&source=PackSourceEnum_AWEME_DETAIL""],""width"":1080},""quality_type"":2,""video_extra"":""{\""PktOffsetMap\"":\""[{\\\""time\\\"": 1, \\\""offset\\\"": 328984}, {\\\""time\\\"": 2, \\\""offset\\\"": 385799}, {\\\""time\\\"": 3, \\\""offset\\\"": 510778}, {\\\""time\\\"": 4, \\\""offset\\\"": 621135}, {\\\""time\\\"": 5, \\\""offset\\\"": 673031}, {\\\""time\\\"": 10, \\\""offset\\\"": 1435111}]\"",\""format\"":\""mp4\"",\""definition\"":\""1080p\"",\""quality\"":\""adapt_lowest\"",\""file_id\"":\""80ead05935bc4940afa46cfc36ad9d9a\"",\""applog_map\"":{\""feature_id\"":\""156476dbfad67d61d69a17ee4bf67a00\""},\""mvmaf\"":\""{\\\""mvmaf_sr_v1080\\\"":94.928,\\\""mvmaf_sr_v960\\\"":95.478,\\\""mvmaf_sr_v864\\\"":96.56,\\\""mvmaf_sr_v720\\\"":97.848,\\\""mvmaf_ori_v1080\\\"":89.223,\\\""mvmaf_ori_v960\\\"":90.797,\\\""mvmaf_ori_v864\\\"":91.57,\\\""mvmaf_ori_v720\\\"":92.674}\"",\""audio_channels\"":\""2.0\"",\""audio_sample_rate\"":\""44100\"",\""audio_metrics\"":null,\""audio_score\"":null}""},{""FPS"":30,""HDR_bit"":"""",""HDR_type"":"""",""bit_rate"":525515,""format"":""mp4"",""gear_name"":""adapt_lowest_720_1"",""is_bytevc1"":1,""is_h265"":1,""play_addr"":{""data_size"":2139306,""file_cs"":""c:0-28440-b4fb|d:0-1069652-cd43,1069653-2139305-fc57|a:v0d00fg10000d8on1c7og65go1oq7o7g"",""file_hash"":""7d7a2dd84fca3838f9c0b872e34c040b"",""height"":1280,""uri"":""v0d00fg10000d8on1c7og65go1oq7o7g"",""url_key"":""v0d00fg10000d8on1c7og65go1oq7o7g_bytevc1_720p_525515"",""url_list"":[""https://v26-web.douyinvod.com/2f8f152b75ccc819daea0bdb31f5f690/6a3378ab/video/tos/cn/tos-cn-ve-15/oswGIkTiaPTPCBHjCswYPAE4xwjQIQFsAliP0/?a=6383&ch=26&cr=3&dr=0&lr=all&cd=0%7C0%7C0%7C3&cv=1&br=513&bt=513&cs=2&ds=3&eid=45312&ft=AJkeU_TLRR0sWrC12D12Nc.xBiGNbLIEswRU_4mHwCGJNv7TGW&mime_type=video_mp4&qs=15&rc=OzY7N2hlaTc3Ozc6ODZnOUBpanJ0NGo5cmZxOzMzNGkzM0BiLmJiLS82NS8xNTIvMjZjYSM0NGxsMmQ0LmxhLS1kLWFzcw%3D%3D&btag=c0000e00018000&cquery=100x_100z_100o_100w_100B&dy_q=1781747291&feature_id=27703fba0430012a7c1570f68d3f2948&l=202606180948116BE95689443650E9B644"",""https://v11-weba.douyinvod.com/20262f11946b15e20b367d88ccf0b944/6a3378ab/video/tos/cn/tos-cn-ve-15/oswGIkTiaPTPCBHjCswYPAE4xwjQIQFsAliP0/?a=6383&ch=26&cr=3&dr=0&lr=all&cd=0%7C0%7C0%7C3&cv=1&br=513&bt=513&cs=2&ds=3&eid=45312&ft=AJkeU_TLRR0sWrC12D12Nc.xBiGNbLIEswRU_4mHwCGJNv7TGW&mime_type=video_mp4&qs=15&rc=OzY7N2hlaTc3Ozc6ODZnOUBpanJ0NGo5cmZxOzMzNGkzM0BiLmJiLS82NS8xNTIvMjZjYSM0NGxsMmQ0LmxhLS1kLWFzcw%3D%3D&btag=c0000e00018000&cquery=100w_100B_100x_100z_100o&dy_q=1781747291&feature_id=27703fba0430012a7c1570f68d3f2948&l=202606180948116BE95689443650E9B644"",""https://www.douyin.com/aweme/v1/play/?video_id=v0d00fg10000d8on1c7og65go1oq7o7g&line=0&file_id=f69d532557844824849f2b0ee4e813e8&sign=7d7a2dd84fca3838f9c0b872e34c040b&is_play_url=1&source=PackSourceEnum_AWEME_DETAIL""],""width"":720},""quality_type"":15,""video_extra"":""{\""PktOffsetMap\"":\""[{\\\""time\\\"": 1, \\\""offset\\\"": 242271}, {\\\""time\\\"": 2, \\\""offset\\\"": 265409}, {\\\""time\\\"": 3, \\\""offset\\\"": 350161}, {\\\""time\\\"": 4, \\\""offset\\\"": 409933}, {\\\""time\\\"": 5, \\\""offset\\\"": 446099}, {\\\""time\\\"": 10, \\\""offset\\\"": 893423}]\"",\""format\"":\""mp4\"",\""definition\"":\""720p\"",\""quality\"":\""adapt_lowest\"",\""file_id\"":\""f69d532557844824849f2b0ee4e813e8\"",\""applog_map\"":{\""feature_id\"":\""27703fba0430012a7c1570f68d3f2948\""},\""mvmaf\"":\""{\\\""mvmaf_sr_v1080\\\"":92.676,\\\""mvmaf_sr_v960\\\"":94.464,\\\""mvmaf_sr_v864\\\"":95.207,\\\""mvmaf_sr_v720\\\"":97.23,\\\""mvmaf_ori_v1080\\\"":81.768,\\\""mvmaf_ori_v960\\\"":85.668,\\\""mvmaf_ori_v864\\\"":87.404,\\\""mvmaf_ori_v720\\\"":91.322}\"",\""audio_channels\"":\""2.0\"",\""audio_sample_rate\"":\""44100\"",\""audio_metrics\"":null,\""audio_score\"":null}""},{""FPS"":30,""HDR_bit"":"""",""HDR_type"":"""",""bit_rate"":433309,""format"":""mp4"",""gear_name"":""adapt_540_1"",""is_bytevc1"":1,""is_h265"":1,""play_addr"":{""data_size"":1763949,""file_cs"":""c:0-28440-b740|d:0-881973-bad1,881974-1763948-703a|a:v0d00fg10000d8on1c7og65go1oq7o7g"",""file_hash"":""bc9bfeeb1159b86da9df2c3bde580e56"",""height"":1024,""uri"":""v0d00fg10000d8on1c7og65go1oq7o7g"",""url_key"":""v0d00fg10000d8on1c7og65go1oq7o7g_bytevc1_540p_433309"",""url_list"":[""https://v26-web.douyinvod.com/bf2b830a414601c85dbdb30ba19d9876/6a3378ab/video/tos/cn/tos-cn-ve-15/oUBPIrjSQwxHbBQF5Awl4oATi7aP6sIGwijEP/?a=6383&ch=26&cr=3&dr=0&lr=all&cd=0%7C0%7C0%7C3&cv=1&br=423&bt=423&cs=2&ds=6&eid=45312&ft=AJkeU_TLRR0sWrC12D12Nc.xBiGNbLIEswRU_4mHwCGJNv7TGW&mime_type=video_mp4&qs=11&rc=OTVoMzg6NztoO2g7ZGZkZEBpanJ0NGo5cmZxOzMzNGkzM0AyLy5fMWBfXjUxLWIzMy42YSM0NGxsMmQ0LmxhLS1kLWFzcw%3D%3D&btag=c0000e00018000&cquery=100o_100w_100B_100x_100z&dy_q=1781747291&feature_id=27703fba0430012a7c1570f68d3f2948&l=202606180948116BE95689443650E9B644"",""https://v11-weba.douyinvod.com/c00c599f395b1f68f0c55e0e46f6b71f/6a3378ab/video/tos/cn/tos-cn-ve-15/oUBPIrjSQwxHbBQF5Awl4oATi7aP6sIGwijEP/?a=6383&ch=26&cr=3&dr=0&lr=all&cd=0%7C0%7C0%7C3&cv=1&br=423&bt=423&cs=2&ds=6&eid=45312&ft=AJkeU_TLRR0sWrC12D12Nc.xBiGNbLIEswRU_4mHwCGJNv7TGW&mime_type=video_mp4&qs=11&rc=OTVoMzg6NztoO2g7ZGZkZEBpanJ0NGo5cmZxOzMzNGkzM0AyLy5fMWBfXjUxLWIzMy42YSM0NGxsMmQ0LmxhLS1kLWFzcw%3D%3D&btag=c0000e00018000&cquery=100z_100o_100w_100B_100x&dy_q=1781747291&feature_id=27703fba0430012a7c1570f68d3f2948&l=202606180948116BE95689443650E9B644"",""https://www.douyin.com/aweme/v1/play/?video_id=v0d00fg10000d8on1c7og65go1oq7o7g&line=0&file_id=9a1a6c6ae80e488ea8b4c745b01e2256&sign=bc9bfeeb1159b86da9df2c3bde580e56&is_play_url=1&source=PackSourceEnum_AWEME_DETAIL""],""width"":576},""quality_type"":28,""video_extra"":""{\""PktOffsetMap\"":\""[{\\\""time\\\"": 1, \\\""offset\\\"": 193324}, {\\\""time\\\"": 2, \\\""offset\\\"": 215586}, {\\\""time\\\"": 3, \\\""offset\\\"": 285790}, {\\\""time\\\"": 4, \\\""offset\\\"": 330456}, {\\\""time\\\"": 5, \\\""offset\\\"": 360701}, {\\\""time\\\"": 10, \\\""offset\\\"": 712945}]\"",\""format\"":\""mp4\"",\""definition\"":\""540p\"",\""quality\"":\""adapt\"",\""file_id\"":\""9a1a6c6ae80e488ea8b4c745b01e2256\"",\""applog_map\"":{\""feature_id\"":\""27703fba0430012a7c1570f68d3f2948\""},\""mvmaf\"":\""{\\\""mvmaf_sr_v1080\\\"":89.447,\\\""mvmaf_sr_v960\\\"":92.221,\\\""mvmaf_sr_v864\\\"":93.311,\\\""mvmaf_sr_v720\\\"":95.733,\\\""mvmaf_ori_v1080\\\"":76.258,\\\""mvmaf_ori_v960\\\"":80.664,\\\""mvmaf_ori_v864\\\"":83.584,\\\""mvmaf_ori_v720\\\"":86.914}\"",\""audio_channels\"":\""2.0\"",\""audio_sample_rate\"":\""44100\"",\""audio_metrics\"":null,\""audio_score\"":null}""}],""bit_rate_audio"":null,""cdn_url_expired"":1781758123,""cover"":{""height"":720,""uri"":""tos-cn-p-0015/oYwPAjsAIFPAGBQ14rw4dIiwTaiMxHjwEcqDP"",""url_list"":[""https://p3-pc-sign.douyinpic.com/tos-cn-p-0015/oYwPAjsAIFPAGBQ14rw4dIiwTaiMxHjwEcqDP~tplv-dy-resize-origshort-autoq-75:330.jpeg?lk3s=138a59ce&x-expires=2097104400&x-signature=k%2FpMf0xR6PZ8TbLjkZUkuuvdrQM%3D&from=327834062&s=PackSourceEnum_AWEME_DETAIL&se=false&sc=cover&biz_tag=pcweb_cover&l=202606180948116BE95689443650E9B644"",""https://p9-pc-sign.douyinpic.com/tos-cn-p-0015/oYwPAjsAIFPAGBQ14rw4dIiwTaiMxHjwEcqDP~tplv-dy-resize-origshort-autoq-75:330.jpeg?lk3s=138a59ce&x-expires=2097104400&x-signature=wbbx4W8Twhs4gLyTFmTx7tV9T6Q%3D&from=327834062&s=PackSourceEnum_AWEME_DETAIL&se=false&sc=cover&biz_tag=pcweb_cover&l=202606180948116BE95689443650E9B644""],""width"":720},""cover_original_scale"":{""height"":640,""uri"":""tos-cn-p-0015/oYwPAjsAIFPAGBQ14rw4dIiwTaiMxHjwEcqDP"",""url_list"":[""https://p9-pc-sign.douyinpic.com/tos-cn-p-0015/oYwPAjsAIFPAGBQ14rw4dIiwTaiMxHjwEcqDP~tplv-dy-360p.jpeg?lk3s=138a59ce&x-expires=1782954000&x-signature=s2dkAGOL5XtEemGqXiW6yeUiZXU%3D&from=327834062&s=PackSourceEnum_AWEME_DETAIL&se=false&sc=origin_cover&biz_tag=pcweb_cover&l=202606180948116BE95689443650E9B644"",""https://p3-pc-sign.douyinpic.com/tos-cn-p-0015/oYwPAjsAIFPAGBQ14rw4dIiwTaiMxHjwEcqDP~tplv-dy-360p.jpeg?lk3s=138a59ce&x-expires=1782954000&x-signature=%2FVWpqE07QfBjyOVVANXC9hbTPJM%3D&from=327834062&s=PackSourceEnum_AWEME_DETAIL&se=false&sc=origin_cover&biz_tag=pcweb_cover&l=202606180948116BE95689443650E9B644""],""width"":360},""download_addr"":{""data_size"":10914315,""file_cs"":""c:0-36713-cbed"",""height"":720,""uri"":""v0d00fg10000d8on1c7og65go1oq7o7g"",""url_list"":[""https://v26-web.douyinvod.com/7648cab186564832e1442f2d6991a696/6a3378ab/video/tos/cn/tos-cn-ve-15/ogEwFPRiPGwaCxQIlTQPI4BjAcawIAHsCKija/?a=6383&ch=26&cr=3&dr=0&lr=all&cd=0%7C0%7C0%7C3&cv=1&br=2397&bt=2397&cs=0&ds=3&ft=AJkeU_TLRR0sWrC12D12Nc.xBiGNbLIEswRU_4mHwCGJNv7TGW&mime_type=video_mp4&qs=0&rc=Mzc1OTRpNjg7OGk1ODNnNUBpanJ0NGo5cmZxOzMzNGkzM0BiMmExMjFeNWMxNDQuXzZiYSM0NGxsMmQ0LmxhLS1kLWFzcw%3D%3D&btag=c0000e00018000&cquery=100w_100B_100x_100z_100o&dy_q=1781747291&feature_id=93c5283e1794c821af5e0ee1411bec9d&l=202606180948116BE95689443650E9B644"",""https://v11-weba.douyinvod.com/17df60dbb3b7dcecc4776424a12b5cb8/6a3378ab/video/tos/cn/tos-cn-ve-15/ogEwFPRiPGwaCxQIlTQPI4BjAcawIAHsCKija/?a=6383&ch=26&cr=3&dr=0&lr=all&cd=0%7C0%7C0%7C3&cv=1&br=2397&bt=2397&cs=0&ds=3&ft=AJkeU_TLRR0sWrC12D12Nc.xBiGNbLIEswRU_4mHwCGJNv7TGW&mime_type=video_mp4&qs=0&rc=Mzc1OTRpNjg7OGk1ODNnNUBpanJ0NGo5cmZxOzMzNGkzM0BiMmExMjFeNWMxNDQuXzZiYSM0NGxsMmQ0LmxhLS1kLWFzcw%3D%3D&btag=c0000e00018000&cquery=100o_100w_100B_100x_100z&dy_q=1781747291&feature_id=93c5283e1794c821af5e0ee1411bec9d&l=202606180948116BE95689443650E9B644"",""https://www.douyin.com/aweme/v1/play/?video_id=v0d00fg10000d8on1c7og65go1oq7o7g&line=0&ratio=720p&watermark=1&media_type=4&vr_type=0&improve_bitrate=0&biz_sign=NRPI1lC4AlkgB1YZ_o3JkfAfESRKvePEcuabqdBldyqwTcZpDpYAn9tA_ePT9VaaOzLa7CA0Ou-V1V2BgVcTetIU70bEDGbNHaUZIZuaRMUGyO7s5wbVW7et0I2xs1hA&logo_name=aweme_search_suffix&source=PackSourceEnum_AWEME_DETAIL""],""width"":720},""download_suffix_logo_addr"":{""data_size"":10914315,""file_cs"":""c:0-36713-cbed"",""height"":720,""uri"":""v0d00fg10000d8on1c7og65go1oq7o7g"",""url_list"":[""https://v26-web.douyinvod.com/7648cab186564832e1442f2d6991a696/6a3378ab/video/tos/cn/tos-cn-ve-15/ogEwFPRiPGwaCxQIlTQPI4BjAcawIAHsCKija/?a=6383&ch=26&cr=3&dr=0&lr=all&cd=0%7C0%7C0%7C3&cv=1&br=2397&bt=2397&cs=0&ds=3&ft=AJkeU_TLRR0sWrC12D12Nc.xBiGNbLIEswRU_4mHwCGJNv7TGW&mime_type=video_mp4&qs=0&rc=Mzc1OTRpNjg7OGk1ODNnNUBpanJ0NGo5cmZxOzMzNGkzM0BiMmExMjFeNWMxNDQuXzZiYSM0NGxsMmQ0LmxhLS1kLWFzcw%3D%3D&btag=c0000e00018000&cquery=100w_100B_100x_100z_100o&dy_q=1781747291&feature_id=93c5283e1794c821af5e0ee1411bec9d&l=202606180948116BE95689443650E9B644"",""https://v11-weba.douyinvod.com/17df60dbb3b7dcecc4776424a12b5cb8/6a3378ab/video/tos/cn/tos-cn-ve-15/ogEwFPRiPGwaCxQIlTQPI4BjAcawIAHsCKija/?a=6383&ch=26&cr=3&dr=0&lr=all&cd=0%7C0%7C0%7C3&cv=1&br=2397&bt=2397&cs=0&ds=3&ft=AJkeU_TLRR0sWrC12D12Nc.xBiGNbLIEswRU_4mHwCGJNv7TGW&mime_type=video_mp4&qs=0&rc=Mzc1OTRpNjg7OGk1ODNnNUBpanJ0NGo5cmZxOzMzNGkzM0BiMmExMjFeNWMxNDQuXzZiYSM0NGxsMmQ0LmxhLS1kLWFzcw%3D%3D&btag=c0000e00018000&cquery=100o_100w_100B_100x_100z&dy_q=1781747291&feature_id=93c5283e1794c821af5e0ee1411bec9d&l=202606180948116BE95689443650E9B644"",""https://www.douyin.com/aweme/v1/play/?video_id=v0d00fg10000d8on1c7og65go1oq7o7g&line=0&ratio=720p&watermark=1&media_type=4&vr_type=0&improve_bitrate=0&biz_sign=NRPI1lC4AlkgB1YZ_o3JkfAfESRKvePEcuabqdBldyqwTcZpDpYAn9tA_ePT9VaaOzLa7CA0Ou-V1V2BgVcTetIU70bEDGbNHaUZIZuaRMUGyO7s5wbVW7et0I2xs1hA&logo_name=aweme_search_suffix&source=PackSourceEnum_AWEME_DETAIL""],""width"":720},""duration"":32567,""dynamic_cover"":{""height"":720,""uri"":""tos-cn-p-0015/oMIwFPMiPGw6uxQASTEPI4BjAcxwIAHs3Yija"",""url_list"":[""https://p3-pc-sign.douyinpic.com/obj/tos-cn-p-0015/oMIwFPMiPGw6uxQASTEPI4BjAcxwIAHs3Yija?lk3s=138a59ce&x-expires=1782954000&x-signature=fRkSksmkLAhwAN%2BIVr9AUgYvfq4%3D&from=327834062_large&s=PackSourceEnum_AWEME_DETAIL&se=false&sc=dynamic_cover&biz_tag=pcweb_cover&l=202606180948116BE95689443650E9B644"",""https://p9-pc-sign.douyinpic.com/obj/tos-cn-p-0015/oMIwFPMiPGw6uxQASTEPI4BjAcxwIAHs3Yija?lk3s=138a59ce&x-expires=1782954000&x-signature=8Wqw9Qp1o378aAS0OT2126cpdAo%3D&from=327834062_large&s=PackSourceEnum_AWEME_DETAIL&se=false&sc=dynamic_cover&biz_tag=pcweb_cover&l=202606180948116BE95689443650E9B644""],""width"":720},""format"":""mp4"",""gaussian_cover"":{""height"":720,""uri"":""tos-cn-p-0015/ooBathQAa2ALeIucY17gDYecPFG2BCfQPGMUAx"",""url_list"":[""https://p3-pc-sign.douyinpic.com/tos-cn-p-0015/ooBathQAa2ALeIucY17gDYecPFG2BCfQPGMUAx~tplv-tsj2vxp0zn-gaosi:40.jpeg?lk3s=138a59ce&x-expires=1813280400&x-signature=ivwmFDsRaohai9WlEFYJQQWY%2B8c%3D&from=327834062"",""https://p9-pc-sign.douyinpic.com/tos-cn-p-0015/ooBathQAa2ALeIucY17gDYecPFG2BCfQPGMUAx~tplv-tsj2vxp0zn-gaosi:40.jpeg?lk3s=138a59ce&x-expires=1813280400&x-signature=A78T%2BilkFG%2F%2FDtlmHQnpYBMAQu8%3D&from=327834062""],""width"":720},""has_download_suffix_logo_addr"":true,""has_watermark"":true,""height"":1920,""is_h265"":0,""is_source_HDR"":0,""meta"":""{\""enable_manual_ladder\"":\""1\"",\""format\"":\""mp4\"",\""gear_vqm\"":\""{\\\""1080p_720p\\\"":2,\\\""720p_540p\\\"":2}\"",\""hrids\"":\""260309002\"",\""is_spatial_video\"":\""0\"",\""isad\"":\""0\"",\""loudness\"":\""-25.6\"",\""peak\"":\""0.4121\"",\""play_time_prob_dist\"":\""[800,0.648,4028.8403]\"",\""poster_meta_info\"":\""{\\\""artwork\\\"":{\\\""carry_cover\\\"":3}}\"",\""qprf\"":\""1.000\"",\""sdgs\"":\""[\\\""normal_720_0\\\"",\\\""adapt_lowest_1080_1\\\"",\\\""adapt_lowest_720_1\\\"",\\\""adapt_540_1\\\""]\"",\""sr_score\"":\""1.000\"",\""strategy_tokens\"":\""[\\\""online\\\""]\"",\""title_info\"":\""{\\\""avg_br_pc\\\"":115,\\\""bottom_res_add\\\"":[0.91,0.77,0.5,0.18,0.14,0.14,0,0.04,4.86,63.96,0.32,0.32,0.55,0.32,0.14],\\\""bullet_zone\\\"":3.45,\\\""mean_br_l\\\"":[114.03,114.89,115.19,118.94,122.13,125.64],\\\""pc60_br_l\\\"":[128.52,132.64,135.8,138.32,140.6,142.56],\\\""progress_bar\\\"":[89.09,127.95,142.53],\\\""ratio_br_l\\\"":[123.62,128.27,133.47,137.12,140.46,141.8],\\\""ratio_br_l_thre220\\\"":[0,0,0,0,0,0],\\\""ratio_edge_l\\\"":[0.82,0.73,0.58,0.6,0.58,0.6],\\\""std_br_l\\\"":[20.65,22.33,26.48,27.32,27.46,25.87],\\\""top_res_add\\\"":[0.04,0,0,0,0.18,0.5,1.68],\\\""version\\\"":\\\""v1.0\\\""}\"",\""volume_info\"":\""{\\\""LoudnessRange\\\"":2.2,\\\""LoudnessRangeEnd\\\"":-24.7,\\\""LoudnessRangeStart\\\"":-26.8,\\\""Peak\\\"":0.4121,\\\""Version\\\"":2,\\\""Loudness\\\"":-25.6,\\\""MaximumMomentaryLoudness\\\"":-20.4,\\\""MaximumShortTermLoudness\\\"":-24.2,\\\""Metrics\\\"":{\\\""Loudness\\\"":{\\\""Integrated\\\"":-25.638},\\\""Phase\\\"":{\\\""RMSDownmixDiff\\\"":-0.392},\\\""RMSStats\\\"":{\\\""LTotal\\\"":-28.17,\\\""Peak\\\"":-7.688,\\\""RTotal\\\"":-28.19,\\\""LRDiff\\\"":0.02},\\\""Version\\\"":\\\""1.4.2\\\""}}\"",\""vqs_origin\"":\""0\""}"",""origin_cover"":{""height"":640,""uri"":""tos-cn-p-0015/ooBathQAa2ALeIucY17gDYecPFG2BCfQPGMUAx"",""url_list"":[""https://p9-pc-sign.douyinpic.com/tos-cn-p-0015/ooBathQAa2ALeIucY17gDYecPFG2BCfQPGMUAx~tplv-dy-360p.jpeg?lk3s=138a59ce&x-expires=1782954000&x-signature=tgHtKDG5n4q5DJPF00aWrW1bG9o%3D&from=327834062&s=PackSourceEnum_AWEME_DETAIL&se=false&sc=origin_cover&biz_tag=pcweb_cover&l=202606180948116BE95689443650E9B644"",""https://p3-pc-sign.douyinpic.com/tos-cn-p-0015/ooBathQAa2ALeIucY17gDYecPFG2BCfQPGMUAx~tplv-dy-360p.jpeg?lk3s=138a59ce&x-expires=1782954000&x-signature=QUWOUetHwKp8iU8YjHakXNyNFyE%3D&from=327834062&s=PackSourceEnum_AWEME_DETAIL&se=false&sc=origin_cover&biz_tag=pcweb_cover&l=202606180948116BE95689443650E9B644""],""width"":360},""play_addr"":{""data_size"":9112190,""file_cs"":""c:0-36713-cbed|d:0-4556094-6003,4556095-9112189-056b|a:v0d00fg10000d8on1c7og65go1oq7o7g"",""file_hash"":""31124643ce72161093a2457349ea9d4d"",""height"":1280,""uri"":""v0d00fg10000d8on1c7og65go1oq7o7g"",""url_key"":""v0d00fg10000d8on1c7og65go1oq7o7g_h264_720p_2238386"",""url_list"":[""https://v26-web.douyinvod.com/5a01b0eb2b326904362ac4e13a09bceb/6a3378ab/video/tos/cn/tos-cn-ve-15/oAascQDHrIwP4wEsjIOiTQGFBPPjIIixAV3Aw/?a=6383&ch=26&cr=3&dr=0&lr=all&cd=0%7C0%7C0%7C3&cv=1&br=2185&bt=2185&cs=0&ds=3&ft=AJkeU_TLRR0sWrC12D12Nc.xBiGNbLIEswRU_4mHwCGJNv7TGW&mime_type=video_mp4&qs=0&rc=aGdpNmVpOWU5OTk1ZDhnPEBpanJ0NGo5cmZxOzMzNGkzM0AtNjUvYTVhNS4xNmE2LzY0YSM0NGxsMmQ0LmxhLS1kLWFzcw%3D%3D&btag=c0000e00018000&cquery=100w_100B_100x_100z_100o&dy_q=1781747291&feature_id=f5241e7604dff1d9d6c943fd20bd51a2&l=202606180948116BE95689443650E9B644"",""https://v11-weba.douyinvod.com/d4740745bd7a616acf6d092fcd0debab/6a3378ab/video/tos/cn/tos-cn-ve-15/oAascQDHrIwP4wEsjIOiTQGFBPPjIIixAV3Aw/?a=6383&ch=26&cr=3&dr=0&lr=all&cd=0%7C0%7C0%7C3&cv=1&br=2185&bt=2185&cs=0&ds=3&ft=AJkeU_TLRR0sWrC12D12Nc.xBiGNbLIEswRU_4mHwCGJNv7TGW&mime_type=video_mp4&qs=0&rc=aGdpNmVpOWU5OTk1ZDhnPEBpanJ0NGo5cmZxOzMzNGkzM0AtNjUvYTVhNS4xNmE2LzY0YSM0NGxsMmQ0LmxhLS1kLWFzcw%3D%3D&btag=c0000e00018000&cquery=100w_100B_100x_100z_100o&dy_q=1781747291&feature_id=f5241e7604dff1d9d6c943fd20bd51a2&l=202606180948116BE95689443650E9B644"",""https://www.douyin.com/aweme/v1/play/?video_id=v0d00fg10000d8on1c7og65go1oq7o7g&line=0&file_id=799d259ad29646168bd68fdb238f9d0e&sign=31124643ce72161093a2457349ea9d4d&is_play_url=1&source=PackSourceEnum_AWEME_DETAIL""],""width"":720},""play_addr_265"":{""data_size"":1763949,""file_cs"":""c:0-28440-b740|d:0-881973-bad1,881974-1763948-703a|a:v0d00fg10000d8on1c7og65go1oq7o7g"",""file_hash"":""bc9bfeeb1159b86da9df2c3bde580e56"",""height"":1024,""uri"":""v0d00fg10000d8on1c7og65go1oq7o7g"",""url_key"":""v0d00fg10000d8on1c7og65go1oq7o7g_bytevc1_540p_433309"",""url_list"":[""https://v26-web.douyinvod.com/bf2b830a414601c85dbdb30ba19d9876/6a3378ab/video/tos/cn/tos-cn-ve-15/oUBPIrjSQwxHbBQF5Awl4oATi7aP6sIGwijEP/?a=6383&ch=26&cr=3&dr=0&lr=all&cd=0%7C0%7C0%7C3&cv=1&br=423&bt=423&cs=2&ds=6&eid=45312&ft=AJkeU_TLRR0sWrC12D12Nc.xBiGNbLIEswRU_4mHwCGJNv7TGW&mime_type=video_mp4&qs=11&rc=OTVoMzg6NztoO2g7ZGZkZEBpanJ0NGo5cmZxOzMzNGkzM0AyLy5fMWBfXjUxLWIzMy42YSM0NGxsMmQ0LmxhLS1kLWFzcw%3D%3D&btag=c0000e00018000&cquery=100o_100w_100B_100x_100z&dy_q=1781747291&feature_id=27703fba0430012a7c1570f68d3f2948&l=202606180948116BE95689443650E9B644"",""https://v11-weba.douyinvod.com/c00c599f395b1f68f0c55e0e46f6b71f/6a3378ab/video/tos/cn/tos-cn-ve-15/oUBPIrjSQwxHbBQF5Awl4oATi7aP6sIGwijEP/?a=6383&ch=26&cr=3&dr=0&lr=all&cd=0%7C0%7C0%7C3&cv=1&br=423&bt=423&cs=2&ds=6&eid=45312&ft=AJkeU_TLRR0sWrC12D12Nc.xBiGNbLIEswRU_4mHwCGJNv7TGW&mime_type=video_mp4&qs=11&rc=OTVoMzg6NztoO2g7ZGZkZEBpanJ0NGo5cmZxOzMzNGkzM0AyLy5fMWBfXjUxLWIzMy42YSM0NGxsMmQ0LmxhLS1kLWFzcw%3D%3D&btag=c0000e00018000&cquery=100z_100o_100w_100B_100x&dy_q=1781747291&feature_id=27703fba0430012a7c1570f68d3f2948&l=202606180948116BE95689443650E9B644"",""https://www.douyin.com/aweme/v1/play/?video_id=v0d00fg10000d8on1c7og65go1oq7o7g&line=0&file_id=9a1a6c6ae80e488ea8b4c745b01e2256&sign=bc9bfeeb1159b86da9df2c3bde580e56&is_play_url=1&source=PackSourceEnum_AWEME_DETAIL""],""width"":576},""play_addr_h264"":{""data_size"":9112190,""file_cs"":""c:0-36713-cbed|d:0-4556094-6003,4556095-9112189-056b|a:v0d00fg10000d8on1c7og65go1oq7o7g"",""file_hash"":""31124643ce72161093a2457349ea9d4d"",""height"":1280,""uri"":""v0d00fg10000d8on1c7og65go1oq7o7g"",""url_key"":""v0d00fg10000d8on1c7og65go1oq7o7g_h264_720p_2238386"",""url_list"":[""https://v26-web.douyinvod.com/5a01b0eb2b326904362ac4e13a09bceb/6a3378ab/video/tos/cn/tos-cn-ve-15/oAascQDHrIwP4wEsjIOiTQGFBPPjIIixAV3Aw/?a=6383&ch=26&cr=3&dr=0&lr=all&cd=0%7C0%7C0%7C3&cv=1&br=2185&bt=2185&cs=0&ds=3&ft=AJkeU_TLRR0sWrC12D12Nc.xBiGNbLIEswRU_4mHwCGJNv7TGW&mime_type=video_mp4&qs=0&rc=aGdpNmVpOWU5OTk1ZDhnPEBpanJ0NGo5cmZxOzMzNGkzM0AtNjUvYTVhNS4xNmE2LzY0YSM0NGxsMmQ0LmxhLS1kLWFzcw%3D%3D&btag=c0000e00018000&cquery=100w_100B_100x_100z_100o&dy_q=1781747291&feature_id=f5241e7604dff1d9d6c943fd20bd51a2&l=202606180948116BE95689443650E9B644"",""https://v11-weba.douyinvod.com/d4740745bd7a616acf6d092fcd0debab/6a3378ab/video/tos/cn/tos-cn-ve-15/oAascQDHrIwP4wEsjIOiTQGFBPPjIIixAV3Aw/?a=6383&ch=26&cr=3&dr=0&lr=all&cd=0%7C0%7C0%7C3&cv=1&br=2185&bt=2185&cs=0&ds=3&ft=AJkeU_TLRR0sWrC12D12Nc.xBiGNbLIEswRU_4mHwCGJNv7TGW&mime_type=video_mp4&qs=0&rc=aGdpNmVpOWU5OTk1ZDhnPEBpanJ0NGo5cmZxOzMzNGkzM0AtNjUvYTVhNS4xNmE2LzY0YSM0NGxsMmQ0LmxhLS1kLWFzcw%3D%3D&btag=c0000e00018000&cquery=100w_100B_100x_100z_100o&dy_q=1781747291&feature_id=f5241e7604dff1d9d6c943fd20bd51a2&l=202606180948116BE95689443650E9B644"",""https://www.douyin.com/aweme/v1/play/?video_id=v0d00fg10000d8on1c7og65go1oq7o7g&line=0&file_id=799d259ad29646168bd68fdb238f9d0e&sign=31124643ce72161093a2457349ea9d4d&is_play_url=1&source=PackSourceEnum_AWEME_DETAIL""],""width"":720},""ratio"":""720p"",""video_model"":"""",""width"":1080},""video_control"":{""allow_douplus"":true,""allow_download"":false,""allow_duet"":true,""allow_dynamic_wallpaper"":false,""allow_music"":true,""allow_react"":true,""allow_record"":true,""allow_share"":true,""allow_stitch"":true,""disable_record_reason"":"""",""download_ignore_visibility"":true,""download_info"":{""fail_info"":{""code"":290002,""msg"":""视频暂时无法保存，链接已复制"",""reason"":""isolation_content""},""level"":1},""draft_progress_bar"":1,""duet_ignore_visibility"":true,""duet_info"":{""level"":0},""prevent_download_type"":2,""share_grayed"":false,""share_ignore_visibility"":true,""share_type"":1,""show_ai_corner"":false,""show_progress_bar"":1,""show_watermark"":false,""timer_info"":{},""timer_status"":1},""video_game_data_channel_config"":{},""video_labels"":null,""video_share_edit_status"":0,""video_tag"":[{""level"":1,""tag_id"":2029,""tag_name"":""随拍""},{""level"":2,""tag_id"":2029003,""tag_name"":""生活记录""},{""level"":3,""tag_id"":2029003001,""tag_name"":""日常vlog""}],""video_text"":[],""visual_search_info"":{""is_ecom_img"":false,""is_high_accuracy_ecom"":false,""is_high_recall_ecom"":false,""is_show_img_entrance"":false},""xigua_base_info"":{""item_id"":0,""star_altar_order_id"":0,""star_altar_type"":0,""status"":0}},""log_pb"":{""impr_id"":""202606180948116BE95689443650E9B644""},""status_code"":0}"
